,제품명,최저가,사이트주소,제조회사,등록년월,분류,운영체제,인프라,블루투스버전,안드로이드OS,iOS,모양,패널종류,화면크기,해상도,모바일AP,코어갯수,시스템램,내장메모리,WiFi,GPS,NFC,심박센서,가속도센서,만보기센서,자이로센서,기압센서,자외선센서,3D터치센서,나침반센서,조도센서,모션센서,걷기,달리기,자전거타기,일립티컬,로잉머신,등산,승마,수영,스키,골프,요가,보행수,이동거리,칼로리,활동시간,수면정보,심박측정,심전도,운동량,체온,고도,페이스,속도,날씨,체지방,혈압체크,여성 건강 모니터링,진동,메세지알림,SNS알림,전화알림,통화가능,음악콘트롤,스피커,마이크,카메라촬영,분실방지,생활방수,전자결제,알람시계,전용앱지원,배터리용량,사용시간,무게(본체),방수/방진,시계줄넓이,형태,적합성평가인증,안전확인인증
0,화웨이 워치 GT 2 46mm 클래식 (정품),232720,http://prod.danawa.com/bridge/loadingBridge.html?cate1=224&cate2=58304&cate3=58305&cate4=0&pcode=8964230&cmpnyc=EE715&safe_trade=4&fee_type=T&link_pcode=B781852985&package=0&setpc=0,삼성전자,201909,스마트워치,타이젠OS,블루투스,v5.0,v5.0 이상,v9.0 이상,원형,SAMOLED,"3.0cm(1.2"")",360x360,삼성 엑시노스9110,듀얼(2)코어,램 : 768MB,저장 : 4GB,○,○,○,○,○,○,○,○,,,,,,○,○,○,,○,,,○,,,,○,,,,○,○,○,,,,,,,,,,,,,,,,○,○,,,○,,,○,247mAh,,26g,5ATM,표준 20mm 시계줄,밴드분리형,상세설명 / 판매 사이트 문의 인증번호 확인,상세설명 / 판매 사이트 문의 인증번호 확인
1,삼성전자 갤럭시 워치 액티브2 40mm 알루미늄 케이스,258230,http://prod.danawa.com/bridge/loadingBridge.html?cate1=224&cate2=58304&cate3=58305&cate4=0&pcode=9200895&cmpnyc=EE715&safe_trade=4&fee_type=T&link_pcode=B781853038&package=0&setpc=0,삼성전자,201909,스마트워치,타이젠OS,블루투스,v5.0,v5.0 이상,v9.0 이상,원형,SAMOLED,"3.6cm(1.4"")",360x360,삼성 엑시노스9110,듀얼(2)코어,램 : 768MB,저장 : 4GB,○,○,○,○,○,○,○,○,,,,,,○,○,○,,○,,,○,,,,○,,,,○,○,○,,,,,,,,,,,,,,,,○,○,,,○,,,○,340mAh,,30g,5ATM,표준 20mm 시계줄,밴드분리형,상세설명 / 판매 사이트 문의 인증번호 확인,상세설명 / 판매 사이트 문의 인증번호 확인
2,삼성전자 갤럭시 워치 액티브2 44mm 알루미늄 케이스,540890,http://prod.danawa.com/bridge/loadingBridge.html?cate1=224&cate2=58304&cate3=58305&cate4=0&pcode=9705810&cmpnyc=EE715&safe_trade=4&fee_type=T&link_pcode=B822231255&package=0&setpc=0,APPLE,201910,스마트워치,iOS(WatchOS),블루투스,v5.0,,,사각형,OLED,,368x448,애플S5,,,저장 : 32GB,○,○,○,○,○,,○,○,,,○,,,○,○,○,,,○,,,,,,○,○,○,○,,○,○,○,,○,○,○,○,,,○,,,,,,,,,,,○,,,○,,평균사용:1일이하,,5ATM,,밴드분리형,상세설명 / 판매 사이트 문의 인증번호 확인,상세설명 / 판매 사이트 문의 인증번호 확인
3,APPLE 워치 시리즈5 44mm 스페이스 그레이 알루미늄 케이스,335800,http://prod.danawa.com/bridge/loadingBridge.html?cate1=224&cate2=58304&cate3=58305&cate4=0&pcode=9201189&cmpnyc=TH201&safe_trade=4&fee_type=T&link_pcode=2791328982&package=0&setpc=0,삼성전자,201909,스마트워치,타이젠OS,블루투스,v5.0,v5.0 이상,v9.0 이상,원형,SAMOLED,"3.6cm(1.4"")",360x360,삼성 엑시노스9110,듀얼(2)코어,램 : 768MB,저장 : 4GB,○,○,○,○,○,○,○,○,,,,,,○,○,○,,○,,,○,,,,○,,,,○,○,○,,,,,,,,,,,,,,,,○,○,,,○,,,○,340mAh,,44g,5ATM,표준 20mm 시계줄,밴드분리형,상세설명 / 판매 사이트 문의 인증번호 확인,상세설명 / 판매 사이트 문의 인증번호 확인
4,삼성전자 갤럭시 워치 액티브2 44mm 스테인리스 스틸 케이스,166330,http://prod.danawa.com/bridge/loadingBridge.html?cate1=224&cate2=58304&cate3=58305&cate4=0&pcode=10240971&cmpnyc=TH201&safe_trade=4&fee_type=T&link_pcode=2759980601&package=0&setpc=0,샤오미,201912,스마트워치,기타OS,블루투스,v5.0,v5.0 이상,v10.0 이상,원형,AMOLED,"3.53cm(1.39"")",454x454,,,,,,○,○,○,○,,,○,,,○,○,,○,○,,,○,○,○,○,○,,,○,○,,,○,○,,○,,,,,○,,,,,○,○,○,,○,,,,○,○,,○,,410mAh,평균사용:15~30일,48g,5ATM,표준 22mm 시계줄,밴드분리형,상세설명 / 판매 사이트 문의 인증번호 확인,상세설명 / 판매 사이트 문의 인증번호 확인
5,샤오미 화미 어메이즈핏 GTR 47mm,156630,http://prod.danawa.com/bridge/loadingBridge.html?cate1=224&cate2=58304&cate3=58305&cate4=0&pcode=10360533&cmpnyc=EE715&safe_trade=4&fee_type=T&link_pcode=B795634092&package=0&setpc=0,샤오미,202001,스마트워치,,블루투스,v5.0,v5.0 이상,v10.0 이상,사각형,AMOLED,"4.2cm(1.65"")",442x348,,,,,,○,○,○,○,,,○,,,○,○,,○,○,○,○,,○,,○,○,,,,,,,,,,,,,,,,,,,,,,,,,,,,,,,,,220mAh,평균사용:7일~15일,24.8g,5ATM,표준 20mm 시계줄,밴드분리형,상세설명 / 판매 사이트 문의 인증번호 확인,상세설명 / 판매 사이트 문의 인증번호 확인
6,샤오미 화미 어메이즈핏 GTS,399290,http://prod.danawa.com/bridge/loadingBridge.html?cate1=224&cate2=58304&cate3=58305&cate4=0&pcode=10596255&cmpnyc=EE715&safe_trade=4&fee_type=T&link_pcode=B580672235&package=0&setpc=0,삼성전자,202002,스마트워치,타이젠OS,블루투스,v5.0,v5.0 이상,v9.0 이상,원형,SAMOLED,"3.0cm(1.2"")",360x360,삼성 엑시노스9110,듀얼(2)코어,램 : 768MB,저장 : 4GB,○,○,○,○,○,○,○,○,,,,,,○,○,○,,○,,,○,,,,○,,,,○,○,○,,,,,,,,,,,,,,,,○,○,,,○,,,○,247mAh,,26g,5ATM,표준 20mm 시계줄,밴드분리형,R-C-SEC-SMR820 인증번호 확인,상세설명 / 판매 사이트 문의 인증번호 확인
7,삼성전자 갤럭시 워치 액티브2 44mm 골프 에디션,532790,http://prod.danawa.com/bridge/loadingBridge.html?cate1=224&cate2=58304&cate3=58305&cate4=0&pcode=9705819&cmpnyc=EE715&safe_trade=4&fee_type=T&link_pcode=B822231164&package=0&setpc=0,APPLE,201910,스마트워치,iOS(WatchOS),블루투스,v5.0,,,사각형,OLED,,324x394,애플S5,,,저장 : 32GB,○,○,○,○,○,,○,○,,,○,,,○,○,○,,,○,,,,,,○,○,○,○,,○,○,○,,○,○,○,○,,,○,,,,,,,,,,,○,,,○,,평균사용:1일이하,,5ATM,,밴드분리형,상세설명 / 판매 사이트 문의 인증번호 확인,상세설명 / 판매 사이트 문의 인증번호 확인
8,APPLE 워치 시리즈5 40mm 스페이스 그레이 알루미늄 케이스,25470,http://prod.danawa.com/bridge/loadingBridge.html?cate1=224&cate2=58304&cate3=58305&cate4=0&pcode=10319637&cmpnyc=EE715&safe_trade=4&fee_type=T&link_pcode=B794728792&package=0&setpc=0,샤오미,202001,스마트워치,기타OS,블루투스,v4.2,v4.4 이상,v8.0 이상,사각형,TFT,"3.3cm(1.3"")",240x240,,,,,,,,○,○,,,,,,,,,○,○,○,,,○,,,,,,,,○,,○,○,,,,,,,,,,,,○,,○,,,,,,,○,,○,○,210mAh,평균사용:13일,34g,IP68,,,R-C-wsw-Haylou-LS01 인증번호 확인,상세설명 / 판매 사이트 문의 인증번호 확인
9,샤오미 헬로우 스마트워치,270620,http://prod.danawa.com/bridge/loadingBridge.html?cate1=224&cate2=58304&cate3=58305&cate4=0&pcode=9853200&cmpnyc=EE715&safe_trade=4&fee_type=T&link_pcode=B799117074&package=0&setpc=0,화웨이,201911,스마트워치,기타OS,블루투스,v5.1,v4.4 이상,v9.0 이상,원형,OLED,"3.53cm(1.39"")",454x454,,,,저장 : 4GB,,○,○,○,○,,○,○,,,○,,,○,○,,,,,,○,,,,○,○,○,○,○,○,,,,,,,○,,,,,○,○,○,,○,,,,,○,,○,○,455mAh,평균사용:7일~15일,41g,5ATM,,밴드분리형,상세설명 / 판매 사이트 문의 인증번호 확인,상세설명 / 판매 사이트 문의 인증번호 확인
10,화웨이 워치 GT 2 46mm 클래식,188990,http://prod.danawa.com/bridge/loadingBridge.html?cate1=224&cate2=58304&cate3=58305&cate4=0&pcode=7299064&cmpnyc=EE128&safe_trade=4&fee_type=T&link_pcode=1590789051&package=0&setpc=0,삼성전자,201903,스마트워치,타이젠OS,블루투스,v4.2,v5.0 이상,v9.0 이상,원형,SAMOLED,"2.7cm(1.1"")",360x360,삼성 엑시노스9110,듀얼(2)코어,램 : 768MB,저장 : 4GB,○,○,○,○,○,,○,○,,,,,○,○,○,○,○,○,○,,○,,○,,○,○,○,○,○,○,,○,,,,,,,○,,,,,,,○,,○,,,○,,○,○,230mAh,평균사용:1.5일,25g,5ATM,표준 20mm 시계줄,밴드분리형,R-C-SEC-SMR500 인증번호 확인,상세설명 / 판매 사이트 문의 인증번호 확인
11,삼성전자 갤럭시 워치 액티브,311860,http://prod.danawa.com/bridge/loadingBridge.html?cate1=224&cate2=58304&cate3=58305&cate4=0&pcode=9201093&cmpnyc=TN920&safe_trade=4&fee_type=T&link_pcode=3544943066&package=0&setpc=0,삼성전자,201909,스마트워치,타이젠OS,블루투스,v5.0,v5.0 이상,v9.0 이상,원형,SAMOLED,"3.0cm(1.2"")",360x360,삼성 엑시노스9110,듀얼(2)코어,램 : 768MB,저장 : 4GB,○,○,○,○,○,○,○,○,,,,,,○,○,○,,○,,,○,,,,○,,,,○,○,○,,,,,,,,,,,,,,,,○,○,,,○,,,○,247mAh,,37g,5ATM,표준 20mm 시계줄,밴드분리형,상세설명 / 판매 사이트 문의 인증번호 확인,상세설명 / 판매 사이트 문의 인증번호 확인
12,삼성전자 갤럭시 워치 액티브2 40mm 스테인리스 스틸 케이스,303310,http://prod.danawa.com/bridge/loadingBridge.html?cate1=224&cate2=58304&cate3=58305&cate4=0&pcode=6378431&cmpnyc=TH201&safe_trade=4&fee_type=T&link_pcode=2667146744&package=0&setpc=0,삼성전자,201808,스마트워치,타이젠OS,블루투스,v4.2,v5.0 이상,v9.0 이상,원형,SAMOLED,"3.3cm(1.3"")",360x360,삼성 엑시노스9110,듀얼(2)코어,램 : 768MB,저장 : 4GB,○,○,○,○,○,,○,○,,,,○,,○,○,○,○,○,,,,,,,○,○,○,○,○,○,,○,,○,○,,○,,,,,,,,,,○,,,,,,,○,472mAh,평균사용:3일~4일,63g,5ATM,표준 22mm 시계줄,밴드분리형,R-CMM-SEC-SMR800 인증번호 확인,상세설명 / 판매 사이트 문의 인증번호 확인
13,삼성전자 갤럭시 워치 46mm,692000,http://prod.danawa.com/bridge/loadingBridge.html?cate1=224&cate2=58304&cate3=58305&cate4=0&pcode=9705816&cmpnyc=EE715&safe_trade=4&fee_type=T&link_pcode=B801858484&package=0&setpc=0,APPLE,201910,스마트워치,iOS(WatchOS),LTE+블루투스,v5.0,,,사각형,OLED,,368x448,애플S5,,,저장 : 32GB,○,○,○,○,○,,○,○,,,○,,,○,○,○,,,○,,,,,,○,○,○,○,,○,○,○,,○,○,○,○,,,○,,,,,,,,,,,○,,,○,,평균사용:1일이하,,5ATM,,밴드분리형,상세설명 / 판매 사이트 문의 인증번호 확인,상세설명 / 판매 사이트 문의 인증번호 확인
14,APPLE 워치 시리즈5 44mm Cellular 스페이스 그레이 알루미늄 케이스,573210,http://prod.danawa.com/bridge/loadingBridge.html?cate1=224&cate2=58304&cate3=58305&cate4=0&pcode=9706377&cmpnyc=TN118&safe_trade=4&fee_type=T&link_pcode=1000037380560&package=0&setpc=0,APPLE,201910,스마트워치,iOS(WatchOS),블루투스,v5.0,,,사각형,OLED,,368x448,애플S5,,,저장 : 32GB,○,○,○,○,○,,○,○,,,○,,,○,○,○,,,○,,,,,,○,○,○,○,,○,○,○,,○,○,○,○,,,○,,,,,,,,,,,○,,,○,,평균사용:1일이하,,5ATM,,밴드분리형,상세설명 / 판매 사이트 문의 인증번호 확인,상세설명 / 판매 사이트 문의 인증번호 확인
15,APPLE 워치 시리즈5 나이키+ 44mm 스페이스 그레이 알루미늄 케이스,163300,http://prod.danawa.com/bridge/loadingBridge.html?cate1=224&cate2=58304&cate3=58305&cate4=0&pcode=10730367&cmpnyc=TH201&safe_trade=4&fee_type=T&link_pcode=2828101596&package=0&setpc=0,샤오미,202003,스마트워치,기타OS,블루투스,v5.0,v5.0 이상,v10.0 이상,원형,AMOLED,"3.3cm(1.3"")",360x360,,,,,,○,,○,○,,,,,,○,○,,○,○,○,○,,○,,○,○,,,,,,,,○,,,,,,,○,,,,,,,○,,,,,,,○,,,,390mAh,평균사용:20일,58g,5ATM,,,상세설명 / 판매 사이트 문의 인증번호 확인,상세설명 / 판매 사이트 문의 인증번호 확인
16,샤오미 화미 어메이즈핏 T-Rex,492810,http://prod.danawa.com/bridge/loadingBridge.html?cate1=224&cate2=58304&cate3=58305&cate4=0&pcode=9705669&cmpnyc=ED910&safe_trade=4&fee_type=T&link_pcode=6846026757&package=0&setpc=0,APPLE,201910,스마트워치,iOS(WatchOS),블루투스,v5.0,,,사각형,OLED,,324x394,애플S5,,,저장 : 32GB,○,○,○,○,○,,○,○,,,○,,,○,○,○,,,○,,,,,,○,○,○,○,,○,○,○,,○,○,○,○,,,○,,,,,,,,,,,○,,,○,,평균사용:1일이하,,5ATM,,밴드분리형,상세설명 / 판매 사이트 문의 인증번호 확인,상세설명 / 판매 사이트 문의 인증번호 확인
17,APPLE 워치 시리즈5 40mm 실버 알루미늄 케이스,542180,http://prod.danawa.com/bridge/loadingBridge.html?cate1=224&cate2=58304&cate3=58305&cate4=0&pcode=9705681&cmpnyc=EE128&safe_trade=4&fee_type=T&link_pcode=1687197011&package=0&setpc=0,APPLE,201910,스마트워치,iOS(WatchOS),블루투스,v5.0,,,사각형,OLED,,368x448,애플S5,,,저장 : 32GB,○,○,○,○,○,,○,○,,,○,,,○,○,○,,,○,,,,,,○,○,○,○,,○,○,○,,○,○,○,○,,,○,,,,,,,,,,,○,,,○,,평균사용:1일이하,,5ATM,,밴드분리형,상세설명 / 판매 사이트 문의 인증번호 확인,상세설명 / 판매 사이트 문의 인증번호 확인
18,APPLE 워치 시리즈5 44mm 실버 알루미늄 케이스,68190,http://prod.danawa.com/bridge/loadingBridge.html?cate1=224&cate2=58304&cate3=58305&cate4=0&pcode=9322767&cmpnyc=TH201&safe_trade=4&fee_type=T&link_pcode=2696365171&package=0&setpc=0,샤오미,201908,스마트워치,기타OS,블루투스,v4.1,v4.4 이상,v9.0 이상,사각형,TFT,"3.25cm(1.28"")",176x176,,,,,,,,○,○,,,,,,,,,○,○,,,,,,,,,,○,○,○,,○,○,,,,,,,,,,,○,○,,○,,,,,,,○,,,○,200mAh,평균사용:1~3개월,32g,3ATM,표준 20mm 시계줄,밴드분리형,상세설명 / 판매 사이트 문의 인증번호 확인,상세설명 / 판매 사이트 문의 인증번호 확인
19,샤오미 화미 어메이즈핏 빕 라이트,359690,http://prod.danawa.com/bridge/loadingBridge.html?cate1=224&cate2=58304&cate3=58305&cate4=0&pcode=10596012&cmpnyc=EE128&safe_trade=4&fee_type=T&link_pcode=1753038237&package=0&setpc=0,삼성전자,202002,스마트워치,타이젠OS,블루투스,v5.0,v5.0 이상,v9.0 이상,원형,SAMOLED,"3.0cm(1.2"")",360x360,삼성 엑시노스9110,듀얼(2)코어,램 : 768MB,저장 : 4GB,○,○,○,○,○,○,○,○,,,,,,○,○,○,,○,,,○,,,,○,,,,○,○,○,,,,,,,,,,,,,,,,○,○,,,○,,,○,247mAh,,26g,5ATM,표준 20mm 시계줄,밴드분리형,R-C-SEC-SMR830 인증번호 확인,상세설명 / 판매 사이트 문의 인증번호 확인
20,삼성전자 갤럭시 워치 액티브2 40mm 골프 에디션,49720,http://prod.danawa.com/bridge/loadingBridge.html?cate1=224&cate2=58304&cate3=58305&cate4=0&pcode=11157981&cmpnyc=EE715&safe_trade=4&fee_type=T&link_pcode=B832527663&package=0&setpc=0,프라임원,202004,스마트워치,기타OS,블루투스,v4.0,v4.4 이상,v9.0 이상,사각형,AMOLED,"4.19cm(1.65"")",,,,,,,,,,,,,,,,,,,○,○,○,,,,,○,,,,○,○,○,○,○,○,,,,,,,○,,○,,,○,,○,,,,,,,○,,○,○,220mAh,평균사용:7일~14일,24.9g,IP68,표준 20mm 시계줄,밴드분리형,R-R-pon-XfitGTS 인증번호 확인,상세설명 / 판매 사이트 문의 인증번호 확인
21,프라임원 엑스핏 GTS,256410,http://prod.danawa.com/bridge/loadingBridge.html?cate1=224&cate2=58304&cate3=58305&cate4=0&pcode=7524517&cmpnyc=TN118&safe_trade=4&fee_type=T&link_pcode=1000037241595&package=0&setpc=0,APPLE,201710,스마트워치,iOS(WatchOS),블루투스,v4.2,,v12.0 이상,사각형,OLED,,340x272,애플S3,듀얼(2)코어,램 : 768MB,저장 : 8GB,○,○,○,○,○,○,○,○,,○,,,,○,○,○,,,,,○,,,○,○,○,○,○,○,,,,,,,,,,,,○,,○,,,○,○,○,,○,○,○,,,,평균사용:18시간,26.7g,,전용시계줄,밴드분리형,R-CRM-APA-A1891 인증번호 확인,상세설명 / 판매 사이트 문의 인증번호 확인
22,APPLE 워치 시리즈3 38mm 알루미늄 케이스,320000,http://prod.danawa.com/bridge/loadingBridge.html?cate1=224&cate2=58304&cate3=58305&cate4=0&pcode=9734781&cmpnyc=TP40F&safe_trade=4&fee_type=T&link_pcode=I1072879231&package=0&setpc=0,삼성전자,201911,스마트워치,타이젠OS,블루투스,v5.0,v5.0 이상,v9.0 이상,원형,SAMOLED,"3.6cm(1.4"")",360x360,삼성 엑시노스9110,듀얼(2)코어,램 : 768MB,저장 : 4GB,○,○,○,○,○,○,○,○,,,,,,○,○,○,,○,,,○,,,,○,,,,○,○,○,,,,,,,,,,,,,,,,○,○,,,○,,,○,340mAh,,30g,5ATM,표준 20mm 시계줄,밴드분리형,상세설명 / 판매 사이트 문의 인증번호 확인,상세설명 / 판매 사이트 문의 인증번호 확인
23,삼성전자 갤럭시 워치 액티브2 44mm 언더아머 에디션,549990,http://prod.danawa.com/bridge/loadingBridge.html?cate1=224&cate2=58304&cate3=58305&cate4=0&pcode=4403482&cmpnyc=EE128&safe_trade=4&fee_type=T&link_pcode=1217811284&package=0&setpc=0,삼성전자,201611,스마트워치,타이젠OS,블루투스,,안드로이드OS,,원형,SAMOLED,"3.3cm(1.3"")",360x360,삼성 엑시노스7270,듀얼(2)코어,램 : 768MB,저장 : 4GB,○,○,○,○,○,○,○,○,,,,,,○,○,○,○,○,,,,,,○,○,○,○,○,○,,,,,,,,,,,,○,,○,,,○,○,○,,○,○,○,,,380mAh,평균사용:3~4일,59g,IP68,표준 22mm 시계줄,밴드분리형,MSIP-CMM-SEC-SMR770 인증번호 확인,상세설명 / 판매 사이트 문의 인증번호 확인
24,삼성전자 기어S3 클래식,1008800,http://prod.danawa.com/bridge/loadingBridge.html?cate1=224&cate2=58304&cate3=58305&cate4=0&pcode=9706221&cmpnyc=EE128&safe_trade=4&fee_type=T&link_pcode=1744710597&package=0&setpc=0,APPLE,201910,스마트워치,iOS(WatchOS),LTE+블루투스,v5.0,,,사각형,OLED,,368x448,애플S5,,,저장 : 32GB,○,○,○,○,○,,○,○,,,○,,,○,○,○,,,○,,,,,,○,○,○,○,,○,○,○,,○,○,○,○,,,○,,,,,,,,,,,○,,,○,,평균사용:1일이하,,5ATM,,밴드분리형,상세설명 / 판매 사이트 문의 인증번호 확인,상세설명 / 판매 사이트 문의 인증번호 확인
25,APPLE 워치 시리즈5 44mm Cellular 스페이스 블랙 스테인리스 스틸 케이스,159320,http://prod.danawa.com/bridge/loadingBridge.html?cate1=224&cate2=58304&cate3=58305&cate4=0&pcode=10240983&cmpnyc=EE128&safe_trade=4&fee_type=T&link_pcode=1752864171&package=0&setpc=0,샤오미,202001,스마트워치,기타OS,블루투스,v5.0,v5.0 이상,v10.0 이상,원형,AMOLED,"3.0cm(1.2"")",390x390,,,,,,○,○,○,○,,,○,,,○,○,,○,○,,,○,○,○,○,○,,,○,○,,,○,○,,○,,,,,○,,,,,○,○,○,,○,,,,○,○,,○,,195mAh,평균사용:7일~15일,22.5g,5ATM,표준 20mm 시계줄,밴드분리형,상세설명 / 판매 사이트 문의 인증번호 확인,상세설명 / 판매 사이트 문의 인증번호 확인
26,샤오미 화미 어메이즈핏 GTR 42mm,492810,http://prod.danawa.com/bridge/loadingBridge.html?cate1=224&cate2=58304&cate3=58305&cate4=0&pcode=9705786&cmpnyc=ED910&safe_trade=4&fee_type=T&link_pcode=6846026757&package=0&setpc=0,APPLE,201910,스마트워치,iOS(WatchOS),블루투스,v5.0,,,사각형,OLED,,324x394,애플S5,,,저장 : 32GB,○,○,○,○,○,,○,○,,,○,,,○,○,○,,,○,,,,,,○,○,○,○,,○,○,○,,○,○,○,○,,,○,,,,,,,,,,,○,,,○,,평균사용:1일이하,,5ATM,,밴드분리형,상세설명 / 판매 사이트 문의 인증번호 확인,상세설명 / 판매 사이트 문의 인증번호 확인
27,APPLE 워치 시리즈5 40mm 골드 알루미늄 케이스,37710,http://prod.danawa.com/bridge/loadingBridge.html?cate1=224&cate2=58304&cate3=58305&cate4=0&pcode=8338245&cmpnyc=EE128&safe_trade=4&fee_type=T&link_pcode=1586314231&package=0&setpc=0,레노버,201906,스마트워치,기타OS,블루투스,,안드로이드OS,iOS,원형,,,,,,,,,,,,,,,,,,,,,,○,○,,,○,,,,,,,,,,○,,,,,,,,,,,,,,,,,,,,○,,○,,,,,,,5ATM,,,상세설명 / 판매 사이트 문의 인증번호 확인,상세설명 / 판매 사이트 문의 인증번호 확인
28,레노버 워치 S,59700,http://prod.danawa.com/bridge/loadingBridge.html?cate1=224&cate2=58304&cate3=58305&cate4=0&pcode=5873396&cmpnyc=TH201&safe_trade=4&fee_type=T&link_pcode=2119276329&package=0&setpc=0,샤오미,201802,스마트워치,기타OS,블루투스,v4.0,v4.4 이상,v8.0 이상,사각형,e-ink,"3.25cm(1.28"")",,,,,,,○,,○,○,,,○,,,○,,,○,○,○,,,,,,,,,○,,○,,○,○,,○,,,○,○,○,,,,,,○,,,,,,,,,,,○,190mAh,평균사용:1~3개월,31g,IP68,표준 20mm 시계줄,,상세설명 / 판매 사이트 문의 인증번호 확인,상세설명 / 판매 사이트 문의 인증번호 확인
29,샤오미 화미 어메이즈핏 빕,299000,http://prod.danawa.com/bridge/loadingBridge.html?cate1=224&cate2=58304&cate3=58305&cate4=0&pcode=5593006&cmpnyc=TP40F&safe_trade=4&fee_type=T&link_pcode=I485088924&package=0&setpc=0,APPLE,201710,스마트워치,iOS(WatchOS),블루투스,v4.2,,v12.0 이상,사각형,OLED,,390x312,애플S3,듀얼(2)코어,램 : 768MB,저장 : 8GB,○,○,○,○,○,○,○,○,,○,,,,○,○,○,,,,,○,,,○,○,○,○,○,○,,,,,,,,,,,,○,,○,,,○,○,○,,○,○,○,,,,평균사용:18시간,32.3g,,전용시계줄,밴드분리형,MSIP-CRI-APL-A1859 인증번호 확인,상세설명 / 판매 사이트 문의 인증번호 확인
30,삼성전자 갤럭시 워치 42mm LTE,313590,http://prod.danawa.com/bridge/loadingBridge.html?cate1=224&cate2=58304&cate3=58305&cate4=0&pcode=6474133&cmpnyc=EE128&safe_trade=4&fee_type=T&link_pcode=1533005469&package=0&setpc=0,삼성전자,201808,스마트워치,타이젠OS,LTE+블루투스,v4.2,v5.0 이상,v9.0 이상,원형,SAMOLED,"3.0cm(1.2"")",360x360,삼성 엑시노스9110,듀얼(2)코어,램 : 1.5GB,저장 : 4GB,○,○,○,○,○,,○,○,,,,○,,○,○,○,○,○,,,,,,,○,○,○,○,○,○,,○,,○,○,,○,,,,,,,,○,○,○,,,,,,,○,270mAh,평균사용:1일~2일,49g,5ATM,표준 20mm 시계줄,밴드분리형,R-CMM-SEC-SMR815N 인증번호 확인,상세설명 / 판매 사이트 문의 인증번호 확인
31,삼성전자 갤럭시 워치 46mm LTE,326240,http://prod.danawa.com/bridge/loadingBridge.html?cate1=224&cate2=58304&cate3=58305&cate4=0&pcode=6454644&cmpnyc=TH201&safe_trade=4&fee_type=T&link_pcode=2173926128&package=0&setpc=0,삼성전자,201808,스마트워치,타이젠OS,LTE+블루투스,v4.2,v5.0 이상,v9.0 이상,원형,SAMOLED,"3.3cm(1.3"")",360x360,삼성 엑시노스9110,듀얼(2)코어,램 : 1.5GB,저장 : 4GB,○,○,○,○,○,,○,○,,,,○,,○,○,○,○,○,,,,,,,○,○,○,○,○,○,,○,,○,○,,○,,,,,,,,○,,○,,,,,,,○,472mAh,평균사용:3일~4일,63g,5ATM,표준 22mm 시계줄,밴드분리형,R-CMM-SEC-SMR805N 인증번호 확인,상세설명 / 판매 사이트 문의 인증번호 확인
32,삼성전자 갤럭시 워치 골프 에디션 46mm,409000,http://prod.danawa.com/bridge/loadingBridge.html?cate1=224&cate2=58304&cate3=58305&cate4=0&pcode=6488320&cmpnyc=TT213D&safe_trade=4&fee_type=N&link_pcode=3751772256&package=0&setpc=0,삼성전자,201809,스마트워치,타이젠OS,블루투스,v4.2,v5.0 이상,v9.0 이상,원형,SAMOLED,"3.3cm(1.3"")",360x360,삼성 엑시노스9110,듀얼(2)코어,램 : 768MB,저장 : 4GB,○,○,○,○,○,,○,○,,,,○,,○,○,○,○,○,,,,,○,,○,○,○,○,○,○,,○,,○,○,,○,,,,,,,,,,○,,,,,,,○,472mAh,평균사용:3일~4일,63g,5ATM,표준 22mm 시계줄,밴드분리형,R-CMM-SEC-SMR800 인증번호 확인,상세설명 / 판매 사이트 문의 인증번호 확인
33,핏빗 Versa 2,245520,http://prod.danawa.com/bridge/loadingBridge.html?cate1=224&cate2=58304&cate3=58305&cate4=0&pcode=9380154&cmpnyc=TN920&safe_trade=4&fee_type=T&link_pcode=2864563834&package=0&setpc=0,핏빗,201909,스마트워치,기타OS,블루투스,,,,사각형,OLED,,,,,,,,,○,○,,,,,,,,,,○,○,○,,,,,○,,,○,,,,,○,○,,,,,,,,,,,,○,○,,,○,,,,,,○,,,,,,5ATM,,,상세설명 / 판매 사이트 문의 인증번호 확인,상세설명 / 판매 사이트 문의 인증번호 확인
34,화웨이 워치 GT 2 46mm 엘리트,200980,http://prod.danawa.com/bridge/loadingBridge.html?cate1=224&cate2=58304&cate3=58305&cate4=0&pcode=9576525&cmpnyc=EE128&safe_trade=4&fee_type=T&link_pcode=1740755540&package=0&setpc=0,화웨이,202001,스마트워치,기타OS,블루투스,v5.1,v4.4 이상,v9.0 이상,원형,OLED,"3.53cm(1.39"")",454x454,,,,저장 : 4GB,,○,○,○,○,,○,○,,,○,,,○,○,,,,,,○,,,,○,○,○,○,○,○,,,,,,,○,,,,,○,○,○,,○,,,,,○,,○,○,455mAh,평균사용:7일~15일,41g,5ATM,,밴드분리형,상세설명 / 판매 사이트 문의 인증번호 확인,상세설명 / 판매 사이트 문의 인증번호 확인
35,APPLE 워치 시리즈5 나이키+ 44mm Cellular 스페이스 그레이 알루미늄 케이스,692010,http://prod.danawa.com/bridge/loadingBridge.html?cate1=224&cate2=58304&cate3=58305&cate4=0&pcode=9706386&cmpnyc=TN118&safe_trade=4&fee_type=T&link_pcode=1000037380547&package=0&setpc=0,APPLE,201910,스마트워치,iOS(WatchOS),LTE+블루투스,v5.0,,,사각형,OLED,,368x448,애플S5,,,저장 : 32GB,○,○,○,○,○,,○,○,,,○,,,○,○,○,,,○,,,,,,○,○,○,○,,○,○,○,,○,○,○,○,,,○,,,,,,,,,,,○,,,○,,평균사용:1일이하,,5ATM,,밴드분리형,상세설명 / 판매 사이트 문의 인증번호 확인,상세설명 / 판매 사이트 문의 인증번호 확인
36,APPLE 워치 시리즈5 나이키+ 44mm 실버 알루미늄 케이스,573210,http://prod.danawa.com/bridge/loadingBridge.html?cate1=224&cate2=58304&cate3=58305&cate4=0&pcode=9706332&cmpnyc=TN118&safe_trade=4&fee_type=T&link_pcode=1000037380540&package=0&setpc=0,APPLE,201910,스마트워치,iOS(WatchOS),블루투스,v5.0,,,사각형,OLED,,368x448,애플S5,,,저장 : 32GB,○,○,○,○,○,,○,○,,,○,,,○,○,○,,,○,,,,,,○,○,○,○,,○,○,○,,○,○,○,○,,,○,,,,,,,,,,,○,,,○,,평균사용:1일이하,,5ATM,,밴드분리형,상세설명 / 판매 사이트 문의 인증번호 확인,상세설명 / 판매 사이트 문의 인증번호 확인
37,APPLE 워치 시리즈5 나이키+ 40mm 스페이스 그레이 알루미늄 케이스,533610,http://prod.danawa.com/bridge/loadingBridge.html?cate1=224&cate2=58304&cate3=58305&cate4=0&pcode=9706389&cmpnyc=TN118&safe_trade=4&fee_type=T&link_pcode=1000037380554&package=0&setpc=0,APPLE,201910,스마트워치,iOS(WatchOS),블루투스,v5.0,,,사각형,OLED,,324x394,애플S5,,,저장 : 32GB,○,○,○,○,○,,○,○,,,○,,,○,○,○,,,○,,,,,,○,○,○,○,,○,○,○,,○,○,○,○,,,○,,,,,,,,,,,○,,,○,,평균사용:1일이하,,5ATM,,밴드분리형,상세설명 / 판매 사이트 문의 인증번호 확인,상세설명 / 판매 사이트 문의 인증번호 확인
38,SM코퍼레이션 DZ09S,15710,http://prod.danawa.com/bridge/loadingBridge.html?cate1=224&cate2=58304&cate3=58305&cate4=0&pcode=4268846&cmpnyc=EE128&safe_trade=4&fee_type=T&link_pcode=1527196255&package=0&setpc=0,SM코퍼레이션,201607,스마트워치,,블루투스,v3.0,안드로이드OS,iOS,사각형,,"4.1cm(1.6"")",240x240,미디어텍 MT6260A,,,저장 : 64MB,,,,,,○,,,,,,,,,,,,,,,,,,,○,○,,○,○,,,,,,,,,,,,○,,○,,,○,○,○,○,○,○,,,,300mAh,,75g,,,,MSIP-CMI-QKR-DZ09S 인증번호 확인,상세설명 / 판매 사이트 문의 인증번호 확인
39,레노버 워치 9,17460,http://prod.danawa.com/bridge/loadingBridge.html?cate1=224&cate2=58304&cate3=58305&cate4=0&pcode=6314101&cmpnyc=EE128&safe_trade=4&fee_type=T&link_pcode=1475245400&package=0&setpc=0,레노버,201807,스마트워치,,블루투스,v5.0,안드로이드OS,iOS,원형,LED,"3.8cm(1.5"")",,,,,,,,,,,,,,,,,,,○,,,,,,,,,,,○,○,○,,○,○,,,,,,,,,,,,,○,,,,,,○,○,,,○,○,,,,,,밴드일체형,상세설명 / 판매 사이트 문의 인증번호 확인,상세설명 / 판매 사이트 문의 인증번호 확인
40,APPLE 워치 시리즈5 44mm Cellular 스테인리스 스틸 케이스,949400,http://prod.danawa.com/bridge/loadingBridge.html?cate1=224&cate2=58304&cate3=58305&cate4=0&pcode=9708204&cmpnyc=EE128&safe_trade=4&fee_type=T&link_pcode=1744614808&package=0&setpc=0,APPLE,201910,스마트워치,iOS(WatchOS),LTE+블루투스,v5.0,,,사각형,OLED,,368x448,애플S5,,,저장 : 32GB,○,○,○,○,○,,○,○,,,○,,,○,○,○,,,○,,,,,,○,○,○,○,,○,○,○,,○,○,○,○,,,○,,,,,,,,,,,○,,,○,,평균사용:1일이하,,5ATM,,밴드분리형,상세설명 / 판매 사이트 문의 인증번호 확인,상세설명 / 판매 사이트 문의 인증번호 확인
41,삼성전자 갤럭시 워치 42mm,267990,http://prod.danawa.com/bridge/loadingBridge.html?cate1=224&cate2=58304&cate3=58305&cate4=0&pcode=6378383&cmpnyc=EE128&safe_trade=4&fee_type=T&link_pcode=1485724992&package=0&setpc=0,삼성전자,201808,스마트워치,타이젠OS,블루투스,v4.2,v5.0 이상,v9.0 이상,원형,SAMOLED,"3.0cm(1.2"")",360x360,삼성 엑시노스9110,듀얼(2)코어,램 : 768MB,저장 : 4GB,○,○,○,○,○,,○,○,,,,○,,○,○,○,○,○,,,,,,,○,○,○,○,○,○,,○,,○,○,,○,,,,,,,,,,○,,,,,,,○,270mAh,평균사용:1일~2일,49g,5ATM,표준 20mm 시계줄,밴드분리형,R-CMM-SEC-SMR810 인증번호 확인,상세설명 / 판매 사이트 문의 인증번호 확인
42,코아 POWER G1,56880,http://prod.danawa.com/bridge/loadingBridge.html?cate1=224&cate2=58304&cate3=58305&cate4=0&pcode=10349367&cmpnyc=TN920&safe_trade=4&fee_type=T&link_pcode=2628363078&package=0&setpc=0,코아,202001,스마트워치,,블루투스,v4.0,v4.4 이상,v8.0 이상,사각형,IPS,"3.3cm(1.3"")",240x240,,,,,,○,,○,,,,,,,,,,○,○,○,,,○,,,,,,○,○,○,○,○,○,,,,,,,○,,,,,○,○,○,,○,,,,○,○,,○,○,,평균사용:2일~4일,,IP68,,,R-C-coa-CKW01G 인증번호 확인,상세설명 / 판매 사이트 문의 인증번호 확인
43,샤오미 화미 어메이즈핏 버지 라이트,88610,http://prod.danawa.com/bridge/loadingBridge.html?cate1=224&cate2=58304&cate3=58305&cate4=0&pcode=8358195&cmpnyc=TQB02&safe_trade=4&fee_type=T&link_pcode=1635273986&package=0&setpc=0,샤오미,201906,스마트워치,기타OS,블루투스,v5.0,v4.4 이상,v9.0 이상,원형,AMOLED,"3.3cm(1.3"")",360x360,,,,,,○,,○,○,,,,,,,○,,○,○,○,○,,,,,,,,○,○,,,○,○,,○,,,,,,,,,○,,○,,,○,,,,,○,,○,○,390mAh,평균사용:20일,,IP68,,밴드분리형,상세설명 / 판매 사이트 문의 인증번호 확인,상세설명 / 판매 사이트 문의 인증번호 확인
44,APPLE 워치 시리즈5 에르메스 40mm Cellular 스테인리스 스틸 케이스,1790000,http://prod.danawa.com/bridge/loadingBridge.html?cate1=224&cate2=58304&cate3=58305&cate4=0&pcode=9706587&cmpnyc=EE128&safe_trade=4&fee_type=T&link_pcode=1722747538&package=0&setpc=0,APPLE,201912,스마트워치,iOS(WatchOS),LTE+블루투스,v5.0,,,사각형,OLED,,324x394,애플S5,,,저장 : 32GB,○,○,○,○,○,,○,○,,,○,,,○,○,○,,,○,,,,,,○,○,○,○,,○,○,○,,○,○,○,○,,,○,,,,,,,,,,,○,,,○,,평균사용:1일이하,,5ATM,,밴드분리형,상세설명 / 판매 사이트 문의 인증번호 확인,상세설명 / 판매 사이트 문의 인증번호 확인
45,APPLE 워치 시리즈5 에디션 44mm Cellular 스페이스 블랙 티타늄 케이스,1320000,http://prod.danawa.com/bridge/loadingBridge.html?cate1=224&cate2=58304&cate3=58305&cate4=0&pcode=9706740&cmpnyc=TH201&safe_trade=4&fee_type=T&link_pcode=2656260294&package=0&setpc=0,APPLE,201912,스마트워치,iOS(WatchOS),LTE+블루투스,v5.0,,,사각형,OLED,,368x448,애플S5,,,저장 : 32GB,○,○,○,○,○,,○,○,,,○,,,○,○,○,,,○,,,,,,○,○,○,○,,○,○,○,,○,○,○,○,,,○,,,,,,,,,,,○,,,○,,평균사용:1일이하,,5ATM,,밴드분리형,상세설명 / 판매 사이트 문의 인증번호 확인,상세설명 / 판매 사이트 문의 인증번호 확인
46,APPLE 워치 시리즈5 44mm 골드 알루미늄 케이스,565900,http://prod.danawa.com/bridge/loadingBridge.html?cate1=224&cate2=58304&cate3=58305&cate4=0&pcode=9705774&cmpnyc=EE715&safe_trade=4&fee_type=T&link_pcode=B822231336&package=0&setpc=0,APPLE,201910,스마트워치,iOS(WatchOS),블루투스,v5.0,,,사각형,OLED,,368x448,애플S5,,,저장 : 32GB,○,○,○,○,○,,○,○,,,○,,,○,○,○,,,○,,,,,,○,○,○,○,,○,○,○,,○,○,○,○,,,○,,,,,,,,,,,○,,,○,,평균사용:1일이하,,5ATM,,밴드분리형,상세설명 / 판매 사이트 문의 인증번호 확인,상세설명 / 판매 사이트 문의 인증번호 확인
47,APPLE 워치 시리즈5 44mm Cellular 골드 스테인리스 스틸 케이스,908990,http://prod.danawa.com/bridge/loadingBridge.html?cate1=224&cate2=58304&cate3=58305&cate4=0&pcode=9707997&cmpnyc=EE128&safe_trade=4&fee_type=T&link_pcode=1744616554&package=0&setpc=0,APPLE,201910,스마트워치,iOS(WatchOS),LTE+블루투스,v5.0,,,사각형,OLED,,368x448,애플S5,,,저장 : 32GB,○,○,○,○,○,,○,○,,,○,,,○,○,○,,,○,,,,,,○,○,○,○,,○,○,○,,○,○,○,○,,,○,,,,,,,,,,,○,,,○,,평균사용:1일이하,,5ATM,,밴드분리형,상세설명 / 판매 사이트 문의 인증번호 확인,상세설명 / 판매 사이트 문의 인증번호 확인
48,"네이버랩스 아키, KT",47500,http://prod.danawa.com/bridge/loadingBridge.html?cate1=224&cate2=58304&cate3=58305&cate4=0&pcode=6093518&cmpnyc=TN729&safe_trade=4&fee_type=T&link_pcode=101996037_101996037&package=0&setpc=0,네이버랩스,201804,스마트워치,,LTE+블루투스,,안드로이드OS,iOS,원형,AMOLED,"3.0cm(1.2"")",,,,,,○,○,○,,○,,○,,,,,,,,,,,,,,,,,,,,,,,,,,,,,,,,,,,,○,,,,○,,,,,○,,,,,,IP68,,,상세설명 / 판매 사이트 문의 인증번호 확인,상세설명 / 판매 사이트 문의 인증번호 확인
49,APPLE 워치 시리즈5 40mm Cellular 골드 스테인리스 스틸 케이스,898990,http://prod.danawa.com/bridge/loadingBridge.html?cate1=224&cate2=58304&cate3=58305&cate4=0&pcode=9708033&cmpnyc=EE128&safe_trade=4&fee_type=T&link_pcode=1744733589&package=0&setpc=0,APPLE,201910,스마트워치,iOS(WatchOS),LTE+블루투스,v5.0,,,사각형,OLED,,324x394,애플S5,,,저장 : 32GB,○,○,○,○,○,,○,○,,,○,,,○,○,○,,,○,,,,,,○,○,○,○,,○,○,○,,○,○,○,○,,,○,,,,,,,,,,,○,,,○,,평균사용:1일이하,,5ATM,,밴드분리형,상세설명 / 판매 사이트 문의 인증번호 확인,상세설명 / 판매 사이트 문의 인증번호 확인
50,APPLE 워치 시리즈5 40mm Cellular 스테인리스 스틸 케이스,949400,http://prod.danawa.com/bridge/loadingBridge.html?cate1=224&cate2=58304&cate3=58305&cate4=0&pcode=9706056&cmpnyc=EE128&safe_trade=4&fee_type=T&link_pcode=1744738023&package=0&setpc=0,APPLE,201910,스마트워치,iOS(WatchOS),LTE+블루투스,v5.0,,,사각형,OLED,,324x394,애플S5,,,저장 : 32GB,○,○,○,○,○,,○,○,,,○,,,○,○,○,,,○,,,,,,○,○,○,○,,○,○,○,,○,○,○,○,,,○,,,,,,,,,,,○,,,○,,평균사용:1일이하,,5ATM,,밴드분리형,상세설명 / 판매 사이트 문의 인증번호 확인,상세설명 / 판매 사이트 문의 인증번호 확인
51,샤오미 미 워치 스탠다드,220300,http://prod.danawa.com/bridge/loadingBridge.html?cate1=224&cate2=58304&cate3=58305&cate4=0&pcode=9865629&cmpnyc=TH201&safe_trade=4&fee_type=T&link_pcode=2649233075&package=0&setpc=0,샤오미,201912,스마트워치,기타OS,블루투스,v4.2,,,사각형,SAMOLED,"4.52cm(1.78"")",448x368,퀄컴 스냅드래곤웨어3100,쿼드(4)코어,램 : 1GB,저장 : 8GB,○,○,○,○,○,,○,○,,,,,,○,○,○,,,○,,○,,,,○,○,,,○,○,,,,○,,,,,,,,,,,○,,○,○,,,,,,,570mAh,,44g,,,,상세설명 / 판매 사이트 문의 인증번호 확인,상세설명 / 판매 사이트 문의 인증번호 확인
52,삼성전자 기어S3 프론티어,399290,http://prod.danawa.com/bridge/loadingBridge.html?cate1=224&cate2=58304&cate3=58305&cate4=0&pcode=4403128&cmpnyc=EE715&safe_trade=4&fee_type=T&link_pcode=B374716633&package=0&setpc=0,삼성전자,201611,스마트워치,타이젠OS,블루투스,,안드로이드OS,,원형,SAMOLED,"3.3cm(1.3"")",360x360,삼성 엑시노스7270,듀얼(2)코어,램 : 768MB,저장 : 4GB,○,○,○,○,○,○,○,○,,,,,,○,○,○,○,○,,,,,,○,○,○,○,○,○,,,,,,,,,,,,○,,○,,,○,○,○,,○,○,○,,,380mAh,평균사용:3~4일,63g,IP68,표준 22mm 시계줄,밴드분리형,MSIP-CMM-SEC-SMR760 인증번호 확인,상세설명 / 판매 사이트 문의 인증번호 확인
53,LG전자 워치 W7,760700,http://prod.danawa.com/bridge/loadingBridge.html?cate1=224&cate2=58304&cate3=58305&cate4=0&pcode=6499240&cmpnyc=TH201&safe_trade=4&fee_type=T&link_pcode=2520165782&package=0&setpc=0,LG전자,201812,스마트워치,웨어OS,블루투스,v4.2,v4.3 이상,v8.2 이상,원형,LCD,"3.0cm(1.2"")",360x360,퀄컴 스냅드래곤웨어2100,쿼드(4)코어,램 : 768MB,저장 : 4GB,○,,,,○,,○,○,,,○,,,○,○,,,,,,,,,,○,,○,○,,,,,,○,,,○,,,,,,,,,,,○,,○,○,,○,○,240mAh,평균사용:2일,79.5g,IP68,표준 22mm 시계줄,밴드분리형,R-CMM-LGE-MCW315 인증번호 확인,상세설명 / 판매 사이트 문의 인증번호 확인
54,APPLE 워치 시리즈4 40mm 알루미늄 케이스,591880,http://prod.danawa.com/bridge/loadingBridge.html?cate1=224&cate2=58304&cate3=58305&cate4=0&pcode=6483651&cmpnyc=TH201&safe_trade=4&fee_type=T&link_pcode=2373396989&package=0&setpc=0,APPLE,201809,스마트워치,iOS(WatchOS),블루투스,v5.0,,v12.0 이상,사각형,OLED,,324x394,애플S4,듀얼(2)코어,,저장 : 16GB,○,○,,○,○,,○,○,,,,○,,○,○,○,,,○,,○,,,○,○,○,○,○,,○,○,○,,○,○,,○,,,,,,,,○,○,,,,,,○,,○,,평균사용:1일이하,30.1g,5ATM,전용시계줄,밴드분리형,상세설명 / 판매 사이트 문의 인증번호 확인,상세설명 / 판매 사이트 문의 인증번호 확인
55,화웨이 워치 GT 스포츠,168990,http://prod.danawa.com/bridge/loadingBridge.html?cate1=224&cate2=58304&cate3=58305&cate4=0&pcode=7589083&cmpnyc=EE128&safe_trade=4&fee_type=T&link_pcode=1741625024&package=0&setpc=0,화웨이,201810,스마트워치,기타OS,블루투스,v4.2,v4.4 이상,v9.0 이상,원형,AMOLED,"3.53cm(1.39"")",454x454,,,램 : 16MB,저장 : 128MB,,○,○,○,○,,○,○,,,○,○,,○,○,○,,,,,,,,,○,○,○,○,○,○,,,,○,,,,,,,,,,,,,,,,,,,,○,,평균사용:14일,46g,5ATM,,밴드분리형,상세설명 / 판매 사이트 문의 인증번호 확인,상세설명 / 판매 사이트 문의 인증번호 확인
56,APPLE 워치 시리즈5 나이키+ 40mm 실버 알루미늄 케이스,533610,http://prod.danawa.com/bridge/loadingBridge.html?cate1=224&cate2=58304&cate3=58305&cate4=0&pcode=9706344&cmpnyc=TN118&safe_trade=4&fee_type=T&link_pcode=1000037380559&package=0&setpc=0,APPLE,201910,스마트워치,iOS(WatchOS),블루투스,v5.0,,,사각형,OLED,,324x394,애플S5,,,저장 : 32GB,○,○,○,○,○,,○,○,,,○,,,○,○,○,,,○,,,,,,○,○,○,○,,○,○,○,,○,○,○,○,,,○,,,,,,,,,,,○,,,○,,평균사용:1일이하,,5ATM,,밴드분리형,상세설명 / 판매 사이트 문의 인증번호 확인,상세설명 / 판매 사이트 문의 인증번호 확인
57,NEWNTO K2,22000,http://prod.danawa.com/bridge/loadingBridge.html?cate1=224&cate2=58304&cate3=58305&cate4=0&pcode=8178616&cmpnyc=EE715&safe_trade=4&fee_type=T&link_pcode=B568311875&package=0&setpc=0,,201906,스마트워치,기타OS,블루투스,,안드로이드OS,iOS,원형,OLED,,,,,램 : 64KB,,,,,○,,○,,,,,,,,○,,,,,,,,,,,○,○,○,,○,○,,,,,,,,,○,,,,,,,,,,○,○,○,,○,○,200mAh,평균사용:15일,50g,IP68,,밴드분리형,상세설명 / 판매 사이트 문의 인증번호 확인,상세설명 / 판매 사이트 문의 인증번호 확인
58,화웨이 워치 GT 2 42mm 클래식,197990,http://prod.danawa.com/bridge/loadingBridge.html?cate1=224&cate2=58304&cate3=58305&cate4=0&pcode=9753102&cmpnyc=EE128&safe_trade=4&fee_type=T&link_pcode=1740755224&package=0&setpc=0,화웨이,201910,스마트워치,기타OS,블루투스,v5.1,v4.4 이상,v9.0 이상,원형,OLED,"3.0cm(1.2"")",390x390,,,,저장 : 4GB,,○,○,○,○,,○,○,,,○,,,○,○,,,,,,○,,,,○,○,○,○,○,○,,,,,,,○,,,,,○,○,,,○,,,,,○,,○,○,215mAh,평균사용:1일~7일,29g,5ATM,,밴드분리형,상세설명 / 판매 사이트 문의 인증번호 확인,상세설명 / 판매 사이트 문의 인증번호 확인
59,U Watch U8 PLUS,90800,http://prod.danawa.com/bridge/loadingBridge.html?cate1=224&cate2=58304&cate3=58305&cate4=0&pcode=3592231&cmpnyc=EE715&safe_trade=4&fee_type=T&link_pcode=B252725451&package=0&setpc=0,U,201512,스마트워치,,블루투스,,안드로이드OS,iOS,사각형,LCD,"3.8cm(1.5"")",128x128,,,,,,,,,○,○,,○,,,,,,,,,,,,,,,,,○,,,○,,,,,,,,,,,,,○,,○,,,○,○,○,,○,○,,,,,"평균사용:대기시간 2일, 사용시간 1일",,,,밴드일체형,상세설명 / 판매 사이트 문의 인증번호 확인,상세설명 / 판매 사이트 문의 인증번호 확인
60,삼성전자 기어 스포츠,229790,http://prod.danawa.com/bridge/loadingBridge.html?cate1=224&cate2=58304&cate3=58305&cate4=0&pcode=5445103&cmpnyc=TH201&safe_trade=4&fee_type=T&link_pcode=1939674383&package=0&setpc=0,삼성전자,201710,스마트워치,타이젠OS,블루투스,,안드로이드OS,,원형,OLED,"3.0cm(1.2"")",360x360,삼성 엑시노스7270,듀얼(2)코어,램 : 768MB,저장 : 4GB,○,○,○,○,○,○,○,○,,,,,,,,,,,,,,,,,○,○,○,○,○,,,,,,,,,,,,○,,○,,,○,○,○,,○,○,,,,300mAh,평균사용:2일,50g,5ATM,표준 20mm 시계줄,밴드분리형,상세설명 / 판매 사이트 문의 인증번호 확인,상세설명 / 판매 사이트 문의 인증번호 확인
61,핏빗 Versa Lite,169000,http://prod.danawa.com/bridge/loadingBridge.html?cate1=224&cate2=58304&cate3=58305&cate4=0&pcode=7398964&cmpnyc=ED909&safe_trade=4&fee_type=T&link_pcode=57820933&package=0&setpc=0,핏빗,201903,스마트워치,기타OS,블루투스,v4.0,v4.3 이상,v6.0 이상,사각형,LCD,,,,,,,○,,○,○,○,,○,,,,,,,○,○,,,,,,○,,,○,○,○,○,,○,○,,,,,○,,,,,○,,,○,,,,,,,,○,,,○,,,,5ATM,,,R-C-XRA-FB415 인증번호 확인,YU10296-18012 인증번호 확인
62,KW88 Pro 3G,100280,http://prod.danawa.com/bridge/loadingBridge.html?cate1=224&cate2=58304&cate3=58305&cate4=0&pcode=8136856&cmpnyc=TN920&safe_trade=4&fee_type=T&link_pcode=1837774126&package=0&setpc=0,,201906,스마트워치,안드로이드OS,블루투스,,안드로이드OS,,원형,SAMOLED,"3.53cm(1.39"")",400x400,미디어텍 MT6580,쿼드(4)코어,램 : 1GB,저장 : 16GB,○,○,,○,○,,,,,,,,,,,,,,,,,,,,○,,,,,○,,,,,,,○,,,,,,,,,○,,,○,,,,,,350mAh,,,,,,상세설명 / 판매 사이트 문의 인증번호 확인,상세설명 / 판매 사이트 문의 인증번호 확인
63,샤오미 화미 어메이즈핏 버지,138160,http://prod.danawa.com/bridge/loadingBridge.html?cate1=224&cate2=58304&cate3=58305&cate4=0&pcode=6471524&cmpnyc=TH201&safe_trade=4&fee_type=T&link_pcode=2430914770&package=0&setpc=0,샤오미,201809,스마트워치,어메이즈핏OS,블루투스,v4.2,v4.4 이상,v9.0 이상,원형,AMOLED,"3.3cm(1.3"")",360x360,,듀얼(2)코어,램 : 512MB,저장 : 4GB,○,○,○,○,○,,○,,,,○,○,,○,○,○,○,,○,,,○,,,○,○,○,,,○,,○,,,,,○,,,,○,,○,,,,,○,,,,,,○,390mAh,평균사용:5일,,IP68,,밴드분리형,상세설명 / 판매 사이트 문의 인증번호 확인,상세설명 / 판매 사이트 문의 인증번호 확인
64,삼성전자 기어S3 프론티어 LTE,358580,http://prod.danawa.com/bridge/loadingBridge.html?cate1=224&cate2=58304&cate3=58305&cate4=0&pcode=7367251&cmpnyc=ED910&safe_trade=4&fee_type=T&link_pcode=6398159089&package=0&setpc=0,삼성전자,201611,스마트워치,타이젠OS,LTE+블루투스,,안드로이드OS,,원형,SAMOLED,"3.3cm(1.3"")",360x360,삼성 엑시노스7270,듀얼(2)코어,램 : 768MB,저장 : 4GB,○,○,○,○,○,○,○,○,,,,,,○,○,○,○,○,,,,,,○,○,○,○,○,○,,,,,,,,,,,,○,,○,,,○,○,○,,○,○,○,,,380mAh,평균사용:3~4일,63g,IP68,표준 22mm 시계줄,밴드분리형,MSIP-CMM-SEC-SMR765 인증번호 확인,상세설명 / 판매 사이트 문의 인증번호 확인
65,샤오미 어메이즈핏 페이스,108210,http://prod.danawa.com/bridge/loadingBridge.html?cate1=224&cate2=58304&cate3=58305&cate4=0&pcode=4398860&cmpnyc=ED910&safe_trade=4&fee_type=T&link_pcode=6863179253&package=0&setpc=0,샤오미,201608,스마트워치,,블루투스,,안드로이드OS,iOS,원형,,"3.3cm(1.3"")",320x320,,듀얼(2)코어,램 : 512MB,저장 : 4GB,,○,,○,,○,,,,,,,,,,,,,,,,,,,○,○,,○,,,,,,,,,,,,,○,,○,,,○,,,,○,○,,,,280mAh,평균사용:5일,,IP67,표준 22mm 시계줄,밴드분리형,상세설명 / 판매 사이트 문의 인증번호 확인,상세설명 / 판매 사이트 문의 인증번호 확인
66,APPLE 워치 시리즈5 에르메스 44mm Cellular 스페이스 블랙 스테인리스 스틸 케이스,1860000,http://prod.danawa.com/bridge/loadingBridge.html?cate1=224&cate2=58304&cate3=58305&cate4=0&pcode=9706452&cmpnyc=EE128&safe_trade=4&fee_type=T&link_pcode=1765337107&package=0&setpc=0,APPLE,202003,스마트워치,iOS(WatchOS),LTE+블루투스,v5.0,,,사각형,OLED,,368x448,애플S5,,,저장 : 32GB,○,○,○,○,○,,○,○,,,○,,,○,○,○,,,○,,,,,,○,○,○,○,,○,○,○,,○,○,○,○,,,○,,,,,,,,,,,○,,,○,,평균사용:1일이하,,5ATM,,밴드분리형,상세설명 / 판매 사이트 문의 인증번호 확인,상세설명 / 판매 사이트 문의 인증번호 확인
67,APPLE 워치 시리즈5 44mm Cellular 실버 알루미늄 케이스,692000,http://prod.danawa.com/bridge/loadingBridge.html?cate1=224&cate2=58304&cate3=58305&cate4=0&pcode=9705672&cmpnyc=EE128&safe_trade=4&fee_type=T&link_pcode=1744191779&package=0&setpc=0,APPLE,201910,스마트워치,iOS(WatchOS),LTE+블루투스,v5.0,,,사각형,OLED,,368x448,애플S5,,,저장 : 32GB,○,○,○,○,○,,○,○,,,○,,,○,○,○,,,○,,,,,,○,○,○,○,,○,○,○,,○,○,○,○,,,○,,,,,,,,,,,○,,,○,,평균사용:1일이하,,5ATM,,밴드분리형,상세설명 / 판매 사이트 문의 인증번호 확인,상세설명 / 판매 사이트 문의 인증번호 확인
68,lemfo LEM4 Pro 3G,143360,http://prod.danawa.com/bridge/loadingBridge.html?cate1=224&cate2=58304&cate3=58305&cate4=0&pcode=6437015&cmpnyc=TQB02&safe_trade=4&fee_type=T&link_pcode=1488919407&package=0&setpc=0,lemfo,201809,스마트워치,안드로이드OS,블루투스,,안드로이드OS,,사각형,LCD,5.59cm(2.2),320x240,미디어텍 MT6580,쿼드(4)코어,램 : 1GB,저장 : 16GB,○,○,,,,,,,,,,,,,,,,,,,,,,,○,○,○,,,,,○,,,,,,,,,,,,,○,○,,,○,,,,,,"1,200mAh",,,,,,상세설명 / 판매 사이트 문의 인증번호 확인,상세설명 / 판매 사이트 문의 인증번호 확인
69,APPLE 워치 시리즈5 40mm Cellular 실버 알루미늄 케이스,633990,http://prod.danawa.com/bridge/loadingBridge.html?cate1=224&cate2=58304&cate3=58305&cate4=0&pcode=9705651&cmpnyc=EE128&safe_trade=4&fee_type=T&link_pcode=1744725912&package=0&setpc=0,APPLE,201910,스마트워치,iOS(WatchOS),LTE+블루투스,v5.0,,,사각형,OLED,,324x394,애플S5,,,저장 : 32GB,○,○,○,○,○,,○,○,,,○,,,○,○,○,,,○,,,,,,○,○,○,○,,○,○,○,,○,○,○,○,,,○,,,,,,,,,,,○,,,○,,평균사용:1일이하,,5ATM,,밴드분리형,상세설명 / 판매 사이트 문의 인증번호 확인,상세설명 / 판매 사이트 문의 인증번호 확인
70,APPLE 워치 시리즈5 40mm Cellular 골드 알루미늄 케이스,652400,http://prod.danawa.com/bridge/loadingBridge.html?cate1=224&cate2=58304&cate3=58305&cate4=0&pcode=9705789&cmpnyc=EE128&safe_trade=4&fee_type=T&link_pcode=1744727348&package=0&setpc=0,APPLE,201910,스마트워치,iOS(WatchOS),LTE+블루투스,v5.0,,,사각형,OLED,,324x394,애플S5,,,저장 : 32GB,○,○,○,○,○,,○,○,,,○,,,○,○,○,,,○,,,,,,○,○,○,○,,○,○,○,,○,○,○,○,,,○,,,,,,,,,,,○,,,○,,평균사용:1일이하,,5ATM,,밴드분리형,상세설명 / 판매 사이트 문의 인증번호 확인,상세설명 / 판매 사이트 문의 인증번호 확인
71,APPLE 워치 시리즈4 40mm Cellular 스테인리스 스틸 케이스,969000,http://prod.danawa.com/bridge/loadingBridge.html?cate1=224&cate2=58304&cate3=58305&cate4=0&pcode=6553062&cmpnyc=TJ418&safe_trade=4&fee_type=T&link_pcode=0001610883&package=0&setpc=0,APPLE,201809,스마트워치,iOS(WatchOS),LTE+블루투스,v5.0,,v12.0 이상,사각형,OLED,,324x394,애플S4,듀얼(2)코어,,저장 : 16GB,○,○,,○,○,,○,○,,,,○,,○,○,○,,,○,,○,,,○,○,○,○,○,,○,○,○,,○,○,,○,,,,,,,,○,○,,,,,,,,○,,평균사용:1일이하,39.8g,5ATM,전용시계줄,밴드분리형,상세설명 / 판매 사이트 문의 인증번호 확인,상세설명 / 판매 사이트 문의 인증번호 확인
72,아이디어뱅크 A3,138990,http://prod.danawa.com/bridge/loadingBridge.html?cate1=224&cate2=58304&cate3=58305&cate4=0&pcode=4399742&cmpnyc=EE128&safe_trade=4&fee_type=T&link_pcode=843323466&package=0&setpc=0,아이디어뱅크,201608,스마트워치,,블루투스,,안드로이드OS,iOS,원형,IPS,"3.0cm(1.2"")",240x204,미디어텍 MT2502A,듀얼(1)코어,램 : 128MB,저장 : 32MB,,,,○,,○,,,,,,,,,,,,,,,,,,,○,○,,○,,,,,,,,,,,,,○,,○,,,○,○,○,,○,○,,,,320mAh,,56g,,,,MSIP-CRI-IWC-SWA3 인증번호 확인,상세설명 / 판매 사이트 문의 인증번호 확인
73,APPLE 워치 시리즈5 40mm Cellular 스페이스 블랙 스테인리스 스틸 케이스,848990,http://prod.danawa.com/bridge/loadingBridge.html?cate1=224&cate2=58304&cate3=58305&cate4=0&pcode=9705894&cmpnyc=EE128&safe_trade=4&fee_type=T&link_pcode=1744734965&package=0&setpc=0,APPLE,201910,스마트워치,iOS(WatchOS),LTE+블루투스,v5.0,,,사각형,OLED,,324x394,애플S5,,,저장 : 32GB,○,○,○,○,○,,○,○,,,○,,,○,○,○,,,○,,,,,,○,○,○,○,,○,○,○,,○,○,○,○,,,○,,,,,,,,,,,○,,,○,,평균사용:1일이하,,5ATM,,밴드분리형,상세설명 / 판매 사이트 문의 인증번호 확인,상세설명 / 판매 사이트 문의 인증번호 확인
74,APPLE 워치 시리즈3 42mm Cellular 알루미늄 케이스,414810,http://prod.danawa.com/bridge/loadingBridge.html?cate1=224&cate2=58304&cate3=58305&cate4=0&pcode=6197067&cmpnyc=TN118&safe_trade=4&fee_type=T&link_pcode=1000037241600&package=0&setpc=0,APPLE,201806,스마트워치,iOS(WatchOS),LTE+블루투스,v4.2,,v12.0 이상,사각형,OLED,,390x312,애플S3,듀얼(2)코어,램 : 768MB,저장 : 16GB,○,○,○,○,○,○,○,○,,○,,,,○,○,○,,,,,○,,,○,○,○,○,○,○,,,,,,,,,,,,○,,○,,,○,○,○,,○,○,○,,,,평균사용:18시간,34.9g,,전용시계줄,밴드분리형,상세설명 / 판매 사이트 문의 인증번호 확인,상세설명 / 판매 사이트 문의 인증번호 확인
75,삼성전자 갤럭시 워치 골프 에디션 42mm,409000,http://prod.danawa.com/bridge/loadingBridge.html?cate1=224&cate2=58304&cate3=58305&cate4=0&pcode=6488345&cmpnyc=TT213D&safe_trade=4&fee_type=N&link_pcode=4120680338&package=0&setpc=0,삼성전자,201809,스마트워치,타이젠OS,블루투스,v4.2,v5.0 이상,v9.0 이상,원형,SAMOLED,"3.0cm(1.2"")",360x360,삼성 엑시노스9110,듀얼(2)코어,램 : 768MB,저장 : 4GB,○,○,○,○,○,,○,○,,,,○,,○,○,○,○,○,,,,,○,,○,○,○,○,○,○,,○,,○,○,,○,,,,,,,,,,○,,,,,,,○,270mAh,평균사용:1일~2일,49g,5ATM,표준 20mm 시계줄,밴드분리형,R-CMM-SEC-SMR810 인증번호 확인,상세설명 / 판매 사이트 문의 인증번호 확인
76,APPLE 워치 시리즈5 나이키+ 40mm Cellular 스페이스 그레이 알루미늄 케이스,652410,http://prod.danawa.com/bridge/loadingBridge.html?cate1=224&cate2=58304&cate3=58305&cate4=0&pcode=9706392&cmpnyc=TN118&safe_trade=4&fee_type=T&link_pcode=1000037380553&package=0&setpc=0,APPLE,201910,스마트워치,iOS(WatchOS),LTE+블루투스,v5.0,,,사각형,OLED,,324x394,애플S5,,,저장 : 32GB,○,○,○,○,○,,○,○,,,○,,,○,○,○,,,○,,,,,,○,○,○,○,,○,○,○,,○,○,○,○,,,○,,,,,,,,,,,○,,,○,,평균사용:1일이하,,5ATM,,밴드분리형,상세설명 / 판매 사이트 문의 인증번호 확인,상세설명 / 판매 사이트 문의 인증번호 확인
77,lemfo LEM X LTE,180400,http://prod.danawa.com/bridge/loadingBridge.html?cate1=224&cate2=58304&cate3=58305&cate4=0&pcode=8187472&cmpnyc=EE128&safe_trade=4&fee_type=T&link_pcode=1565243541&package=0&setpc=0,lemfo,201906,스마트워치,안드로이드OS,LTE+블루투스,v4.0,v7.1 이상,iOS,원형,,,640x590,미디어텍 MT6739,,램 : 1GB,저장 : 16GB,○,○,,○,,○,,,,,,,,○,,,,,,,,,,,○,○,○,,,○,,,,,,,,,,,,,,,,,,,○,,○,,,,900mAh,,,IP67,,,상세설명 / 판매 사이트 문의 인증번호 확인,상세설명 / 판매 사이트 문의 인증번호 확인
78,APPLE 워치 시리즈3 나이키+ 42mm Cellular 알루미늄 케이스,414810,http://prod.danawa.com/bridge/loadingBridge.html?cate1=224&cate2=58304&cate3=58305&cate4=0&pcode=6199000&cmpnyc=TN118&safe_trade=4&fee_type=T&link_pcode=1000038797937&package=0&setpc=0,APPLE,201911,스마트워치,iOS(WatchOS),LTE+블루투스,v4.2,,v12.0 이상,사각형,OLED,,390x312,애플S3,듀얼(2)코어,램 : 768MB,저장 : 16GB,○,○,○,○,○,○,○,○,,○,,,,○,○,○,,,,,○,,,○,○,○,○,○,○,,,,,,,,,,,,○,,○,,,○,○,○,,○,○,○,,,,평균사용:18시간,34.9g,,전용시계줄,밴드분리형,상세설명 / 판매 사이트 문의 인증번호 확인,상세설명 / 판매 사이트 문의 인증번호 확인
79,화웨이 워치 GT 클래식,198990,http://prod.danawa.com/bridge/loadingBridge.html?cate1=224&cate2=58304&cate3=58305&cate4=0&pcode=7588999&cmpnyc=EE128&safe_trade=4&fee_type=T&link_pcode=1741623137&package=0&setpc=0,화웨이,201810,스마트워치,기타OS,블루투스,v4.2,v4.4 이상,v9.0 이상,원형,AMOLED,"3.53cm(1.39"")",454x454,,,램 : 16MB,저장 : 128MB,,○,○,○,○,,○,○,,,○,○,,○,○,○,,,,,,,,,○,○,○,○,○,○,,,,○,,,,,,,,,,,,,,,,,,,,○,,평균사용:14일,46g,5ATM,,밴드분리형,상세설명 / 판매 사이트 문의 인증번호 확인,상세설명 / 판매 사이트 문의 인증번호 확인
80,EX16,23900,http://prod.danawa.com/bridge/loadingBridge.html?cate1=224&cate2=58304&cate3=58305&cate4=0&pcode=6265991&cmpnyc=EE128&safe_trade=4&fee_type=T&link_pcode=1442996579&package=0&setpc=0,,201807,스마트워치,기타OS,블루투스,,안드로이드OS,iOS,,FSTN,"2.84cm(1.12"")",,미디어텍 MT6261,,램 : 128MB,저장 : 128MB,,,,,,,,,,,,,,,,,,,,,,,,,○,○,○,,,,,,,,,,,,,,,,○,,,,,,○,,,,○,○,300~450mAh,평균사용:최대 8개월,,5ATM,,밴드일체형,상세설명 / 판매 사이트 문의 인증번호 확인,상세설명 / 판매 사이트 문의 인증번호 확인
81,zeblaze Thor Pro,112790,http://prod.danawa.com/bridge/loadingBridge.html?cate1=224&cate2=58304&cate3=58305&cate4=0&pcode=6265869&cmpnyc=TQB02&safe_trade=4&fee_type=T&link_pcode=1485257939&package=0&setpc=0,zeblaze,201807,스마트워치,안드로이드OS,블루투스,,안드로이드OS,iOS,원형,IPS,"3.89cm(1.53"")",320x320,미디어텍 MT6580,쿼드(4)코어,램 : 1GB,저장 : 16GB,,○,,,,,,,,,,,,,,,,,,,,,,,,,,,,,,,,,,,,,,,,,○,,,,,,○,,,,,○,500mAh,,83g,,,밴드일체형,상세설명 / 판매 사이트 문의 인증번호 확인,상세설명 / 판매 사이트 문의 인증번호 확인
82,APPLE 워치 시리즈5 에디션 44mm Cellular 화이트 세라믹 케이스,2060000,http://prod.danawa.com/bridge/loadingBridge.html?cate1=224&cate2=58304&cate3=58305&cate4=0&pcode=9706680&cmpnyc=EE715&safe_trade=4&fee_type=T&link_pcode=B825061127&package=0&setpc=0,APPLE,201912,스마트워치,iOS(WatchOS),LTE+블루투스,v5.0,,,사각형,OLED,,368x448,애플S5,,,저장 : 32GB,○,○,○,○,○,,○,○,,,○,,,○,○,○,,,○,,,,,,○,○,○,○,,○,○,○,,○,○,○,○,,,○,,,,,,,,,,,○,,,○,,평균사용:1일이하,,5ATM,,밴드분리형,상세설명 / 판매 사이트 문의 인증번호 확인,상세설명 / 판매 사이트 문의 인증번호 확인
83,아이쉐어링 A1 스마트워치 워치폰,87420,http://prod.danawa.com/bridge/loadingBridge.html?cate1=224&cate2=58304&cate3=58305&cate4=0&pcode=2208466&cmpnyc=TH201&safe_trade=4&fee_type=T&link_pcode=828416666&package=0&setpc=0,아이쉐어링,201309,스마트워치,,블루투스,,,,원형,OLED,,,,,,,,,,,,,,,,,,,,,,,,,,,,,,,,,,,,,,,,,,,,,,,,,○,,,,○,○,,○,,,,,,,,,,밴드일체형,MSIP-CRI-IWC-isharingA1 인증번호 확인,상세설명 / 판매 사이트 문의 인증번호 확인
84,Y7,27960,http://prod.danawa.com/bridge/loadingBridge.html?cate1=224&cate2=58304&cate3=58305&cate4=0&pcode=6497660&cmpnyc=TQB02&safe_trade=4&fee_type=T&link_pcode=1498995113&package=0&setpc=0,,201810,스마트워치,기타OS,블루투스,,안드로이드OS,iOS,사각형,IPS,"3.3cm(1.3"")",,Nordic nRF52832,,램 : 64KB,,,,,,,,,,,,,,,,,,,,,,,,,,○,○,○,,○,,,,,,,,,,,,,,,,,○,,,○,,,,,○,170mAh,,,IP67,,,상세설명 / 판매 사이트 문의 인증번호 확인,상세설명 / 판매 사이트 문의 인증번호 확인
85,CF18,38800,http://prod.danawa.com/bridge/loadingBridge.html?cate1=224&cate2=58304&cate3=58305&cate4=0&pcode=6976033&cmpnyc=EE715&safe_trade=4&fee_type=T&link_pcode=B620392969&package=0&setpc=0,,201901,스마트워치,기타OS,블루투스,v4.0,v4.4 이상,v9.0 이상,원형,IPS,,240x240,Nordic nRF52832,,,,,,,○,,,,,,,,,,○,,,,,,,,,,,○,○,○,○,○,○,,,,,,,,,,○,,,○,,,,,,○,○,,,○,,120mAh,,,IP67,,밴드일체형,상세설명 / 판매 사이트 문의 인증번호 확인,상세설명 / 판매 사이트 문의 인증번호 확인
86,Withings 액티비티 스틸,66880,http://prod.danawa.com/bridge/loadingBridge.html?cate1=224&cate2=58304&cate3=58305&cate4=0&pcode=4413925&cmpnyc=TQB02&safe_trade=4&fee_type=T&link_pcode=1343696999&package=0&setpc=0,Withings,201609,스마트워치,,블루투스,,안드로이드OS,iOS,원형,,,,,,,,,,,,,○,,,,,,,,,,,,,,,,,,,○,○,○,○,○,,,,,,,,,,,,○,,○,,,,,,,○,○,,,,,평균사용:8개월이상,,,,,상세설명 / 판매 사이트 문의 인증번호 확인,상세설명 / 판매 사이트 문의 인증번호 확인
87,M1 GPS,70600,http://prod.danawa.com/bridge/loadingBridge.html?cate1=224&cate2=58304&cate3=58305&cate4=0&pcode=6458872&cmpnyc=TQB02&safe_trade=4&fee_type=T&link_pcode=1488912193&package=0&setpc=0,,201809,스마트워치,기타OS,블루투스,,안드로이드OS,iOS,원형,IPS,"3.3cm(1.3"")",240x240,미디어텍 MT2503A,,램 : 64MB,저장 : 128MB,,○,,,○,,○,○,,,○,,,,,,,,,,,,,,○,○,○,,,,,,,○,,,○,,,,,,○,,,,,,,,,,,,320mAh,평균사용:3일~5일,56g,IP67,,,상세설명 / 판매 사이트 문의 인증번호 확인,상세설명 / 판매 사이트 문의 인증번호 확인
88,APPLE 워치 시리즈5 에르메스 40mm Cellular 스페이스 블랙 스테인리스 스틸 케이스,1990000,http://prod.danawa.com/bridge/loadingBridge.html?cate1=224&cate2=58304&cate3=58305&cate4=0&pcode=9706428&cmpnyc=EE128&safe_trade=4&fee_type=T&link_pcode=1765367600&package=0&setpc=0,APPLE,202003,스마트워치,iOS(WatchOS),LTE+블루투스,v5.0,,,사각형,OLED,,324x394,애플S5,,,저장 : 32GB,○,○,○,○,○,,○,○,,,○,,,○,○,○,,,○,,,,,,○,○,○,○,,○,○,○,,○,○,○,○,,,○,,,,,,,,,,,○,,,○,,평균사용:1일이하,,5ATM,,밴드분리형,상세설명 / 판매 사이트 문의 인증번호 확인,상세설명 / 판매 사이트 문의 인증번호 확인
89,zeblaze Vibe 3,35300,http://prod.danawa.com/bridge/loadingBridge.html?cate1=224&cate2=58304&cate3=58305&cate4=0&pcode=6293111&cmpnyc=EE128&safe_trade=4&fee_type=T&link_pcode=1533524204&package=0&setpc=0,zeblaze,201807,스마트워치,,블루투스,,안드로이드OS,iOS,원형,,"2.7cm(1.1"")",,,,,,,,,,,,,,,,,,,,,,,,,,,,,,○,,○,,,,,,,,,,,,,,,,○,,,,,,○,,,,○,○,610mAh,,78g,5ATM,,밴드일체형,상세설명 / 판매 사이트 문의 인증번호 확인,상세설명 / 판매 사이트 문의 인증번호 확인
90,삼성전자 기어2 네오,209300,http://prod.danawa.com/bridge/loadingBridge.html?cate1=224&cate2=58304&cate3=58305&cate4=0&pcode=2476918&cmpnyc=TH201&safe_trade=4&fee_type=T&link_pcode=1297243377&package=0&setpc=0,삼성전자,201402,스마트워치,타이젠OS,블루투스,,,,사각형,OLED,"4.1cm(1.6"")",320x320,,듀얼(2)코어,램 : 512MB,저장 : 4GB,,○,,○,,○,○,,,,,,,,,,,,,,,,,,○,○,○,○,○,,,,,,,,,,,,○,,○,,,○,○,○,,,○,,,,300mAh,평균사용:2일(300mAh),55g,,표준 22mm 시계줄,밴드분리형,상세설명 / 판매 사이트 문의 인증번호 확인,상세설명 / 판매 사이트 문의 인증번호 확인
91,GT103,36380,http://prod.danawa.com/bridge/loadingBridge.html?cate1=224&cate2=58304&cate3=58305&cate4=0&pcode=8138275&cmpnyc=TQB02&safe_trade=4&fee_type=T&link_pcode=1583682301&package=0&setpc=0,,201906,스마트워치,기타OS,블루투스,v4.0,v4.4 이상,v8.5 이상,사각형,OLED,"3.3cm(1.3"")",240x240,,,,,,,,,○,○,,,,,,,,○,,,,,,,,,,,○,○,○,,○,,,,,,,,,,,,,,,,,,,,,○,○,,,○,170mAh,평균사용:8일,36.5g,IP67,,,상세설명 / 판매 사이트 문의 인증번호 확인,상세설명 / 판매 사이트 문의 인증번호 확인
92,핏빗 Ionic,348460,http://prod.danawa.com/bridge/loadingBridge.html?cate1=224&cate2=58304&cate3=58305&cate4=0&pcode=5438394&cmpnyc=TP90D&safe_trade=4&fee_type=T&link_pcode=2069462031&package=0&setpc=0,핏빗,201708,스마트워치,기타OS,블루투스,,안드로이드OS,iOS,사각형,LCD,"3.6cm(1.4"")",348x250,,,,,,○,○,○,○,○,○,,,,,,,,,,,,,,,,,,○,○,○,,○,,,,,,,,,,,,○,,○,,,○,,,,,○,○,,,,평균사용:4일,,,,밴드분리형,상세설명 / 판매 사이트 문의 인증번호 확인,상세설명 / 판매 사이트 문의 인증번호 확인
93,APPLE 워치 시리즈5 나이키+ 44mm Cellular 실버 알루미늄 케이스,692010,http://prod.danawa.com/bridge/loadingBridge.html?cate1=224&cate2=58304&cate3=58305&cate4=0&pcode=9706338&cmpnyc=TN118&safe_trade=4&fee_type=T&link_pcode=1000037380546&package=0&setpc=0,APPLE,201910,스마트워치,iOS(WatchOS),LTE+블루투스,v5.0,,,사각형,OLED,,368x448,애플S5,,,저장 : 32GB,○,○,○,○,○,,○,○,,,○,,,○,○,○,,,○,,,,,,○,○,○,○,,○,○,○,,○,○,○,○,,,○,,,,,,,,,,,○,,,○,,평균사용:1일이하,,5ATM,,밴드분리형,상세설명 / 판매 사이트 문의 인증번호 확인,상세설명 / 판매 사이트 문의 인증번호 확인
94,APPLE 워치 시리즈5 나이키+ 40mm Cellular 실버 알루미늄 케이스,652410,http://prod.danawa.com/bridge/loadingBridge.html?cate1=224&cate2=58304&cate3=58305&cate4=0&pcode=9706347&cmpnyc=TN118&safe_trade=4&fee_type=T&link_pcode=1000037380542&package=0&setpc=0,APPLE,201910,스마트워치,iOS(WatchOS),LTE+블루투스,v5.0,,,사각형,OLED,,324x394,애플S5,,,저장 : 32GB,○,○,○,○,○,,○,○,,,○,,,○,○,○,,,○,,,,,,○,○,○,○,,○,○,○,,○,○,○,○,,,○,,,,,,,,,,,○,,,○,,평균사용:1일이하,,5ATM,,밴드분리형,상세설명 / 판매 사이트 문의 인증번호 확인,상세설명 / 판매 사이트 문의 인증번호 확인
95,Z30,38510,http://prod.danawa.com/bridge/loadingBridge.html?cate1=224&cate2=58304&cate3=58305&cate4=0&pcode=8201338&cmpnyc=TQB02&safe_trade=4&fee_type=T&link_pcode=1576111659&package=0&setpc=0,,201906,스마트워치,기타OS,,,v4.4 이상,v8.2 이상,사각형,,"3.3cm(1.3"")",,Nordic nRF52832,,,,,,,○,,○,,,,,,,,○,,○,,,,,○,,,,○,○,○,,○,○,,,,,,,,,,,,,○,,,,,,,○,○,,,○,145mAh,평균사용:5일~7일,40g,IP67,,,상세설명 / 판매 사이트 문의 인증번호 확인,상세설명 / 판매 사이트 문의 인증번호 확인
96,오키텔 A29,179000,http://prod.danawa.com/bridge/loadingBridge.html?cate1=224&cate2=58304&cate3=58305&cate4=0&pcode=3653377&cmpnyc=EE128&safe_trade=4&fee_type=T&link_pcode=741987656&package=0&setpc=0,오키텔,201512,스마트워치,,블루투스,,안드로이드OS,iOS,원형,IPS,"3.0cm(1.2"")",240x240,미디어텍 MT2502A,,램 : 64MB,저장 : 128MB,,,,○,○,○,○,,,,,,,,,,,,,,,,,,○,○,○,○,○,,,,,,,,,,,,○,,○,,,○,○,○,,○,○,,,,320mAh,평균사용:2일,,,,,상세설명 / 판매 사이트 문의 인증번호 확인,상세설명 / 판매 사이트 문의 인증번호 확인
97,샤오미 화미 어메이즈핏 스트라토스,136840,http://prod.danawa.com/bridge/loadingBridge.html?cate1=224&cate2=58304&cate3=58305&cate4=0&pcode=6072652&cmpnyc=TN920&safe_trade=4&fee_type=T&link_pcode=1825857734&package=0&setpc=0,샤오미,201804,스마트워치,기타OS,블루투스,v4.0,v4.4 이상,v9.0 이상,,LCD,"3.4cm(1.34"")",320x300,,듀얼(2)코어,램 : 512MB,저장 : 4GB,○,○,,○,○,,○,○,,,○,,,○,○,○,○,,○,,○,,,,○,○,○,,○,○,,,,,,,○,,,,,,,,,○,,,,,○,,,○,290mAh,평균사용:5일,,5ATM,,밴드분리형,상세설명 / 판매 사이트 문의 인증번호 확인,상세설명 / 판매 사이트 문의 인증번호 확인
98,화웨이 워치 GT 2 46mm 스포츠,392750,http://prod.danawa.com/bridge/loadingBridge.html?cate1=224&cate2=58304&cate3=58305&cate4=0&pcode=9576360&cmpnyc=EE715&safe_trade=4&fee_type=T&link_pcode=B775387026&package=0&setpc=0,화웨이,202002,스마트워치,기타OS,블루투스,v5.1,v4.4 이상,v9.0 이상,원형,OLED,"3.53cm(1.39"")",454x454,,,,저장 : 4GB,,○,○,○,○,,○,○,,,○,,,○,○,,,,,,○,,,,○,○,○,○,○,○,,,,,,,○,,,,,○,○,○,,○,,,,,○,,○,○,455mAh,평균사용:7일~15일,41g,5ATM,,밴드분리형,상세설명 / 판매 사이트 문의 인증번호 확인,상세설명 / 판매 사이트 문의 인증번호 확인
99,Razer Nabu Watch,128690,http://prod.danawa.com/bridge/loadingBridge.html?cate1=224&cate2=58304&cate3=58305&cate4=0&pcode=4071905&cmpnyc=EE715&safe_trade=4&fee_type=T&link_pcode=B762420824&package=0&setpc=0,Razer,201605,스마트워치,기타OS,블루투스,,안드로이드OS,iOS,원형,OLED,,128x16,,,,,,,,,,○,,,,,,,,,,,,,,,,,,,○,○,○,○,○,,,,,,,,,,,,○,,○,,,,,,,○,,,○,,,평균사용:7일,,5ATM,,밴드일체형,상세설명 / 판매 사이트 문의 인증번호 확인,상세설명 / 판매 사이트 문의 인증번호 확인
100,런타스틱 모멘트 베이직,137410,http://prod.danawa.com/bridge/loadingBridge.html?cate1=224&cate2=58304&cate3=58305&cate4=0&pcode=3952283&cmpnyc=ED910&safe_trade=4&fee_type=T&link_pcode=4844248920&package=0&setpc=0,런타스틱,201604,스마트워치,,블루투스,,안드로이드OS,iOS,,,"4.1cm(1.6"")",,,,,,,○,,,,○,,,,,,,,,,,,,,,,,,,○,○,○,○,○,,,,,,,,,,,,○,,○,,,,,,,○,○,,,,,평균사용:6개월,262g,,,,MSIP-CRM-KRi-DP166 인증번호 확인,상세설명 / 판매 사이트 문의 인증번호 확인
101,zeblaze Vibe,35480,http://prod.danawa.com/bridge/loadingBridge.html?cate1=224&cate2=58304&cate3=58305&cate4=0&pcode=6265787&cmpnyc=EE715&safe_trade=4&fee_type=T&link_pcode=B472540581&package=0&setpc=0,zeblaze,201807,스마트워치,기타OS,블루투스,,안드로이드OS,iOS,원형,,,,,,,,,,,,,,,,,,,,,,,,,,,,,,,,○,○,○,,,,,,,,,,,,,,,,,,,,,,,,,,○,○,,,,5ATM,,,상세설명 / 판매 사이트 문의 인증번호 확인,상세설명 / 판매 사이트 문의 인증번호 확인
102,SKMEI 1285,42040,http://prod.danawa.com/bridge/loadingBridge.html?cate1=224&cate2=58304&cate3=58305&cate4=0&pcode=8337657&cmpnyc=EE128&safe_trade=4&fee_type=T&link_pcode=1570295271&package=0&setpc=0,SKMEI,201906,스마트워치,기타OS,블루투스,,v4.3 이상,v7.0 이상,원형,,,,,,,,,,,,,,,,,,,,,○,,,,,,,,,,,○,○,○,,,,,,,,,,,,,,,,,,,,,,○,,○,,○,○,,,53g,5ATM,,,상세설명 / 판매 사이트 문의 인증번호 확인,상세설명 / 판매 사이트 문의 인증번호 확인
103,lemfo LEM9 LTE,221130,http://prod.danawa.com/bridge/loadingBridge.html?cate1=224&cate2=58304&cate3=58305&cate4=0&pcode=8179756&cmpnyc=TQB02&safe_trade=4&fee_type=T&link_pcode=1573994707&package=0&setpc=0,lemfo,201906,스마트워치,안드로이드OS,LTE+블루투스,v4.0,v7.1 이상,iOS,원형,AMOLED,"3.53cm(1.39"")",454x454,미디어텍 MT6739,쿼드(4)코어,램 : 1GB,저장 : 16GB,○,○,,,,,,,,,,,,○,○,○,,,,,,,,,○,,○,,,,,,,,,,○,,,,,,,,,○,,,○,,○,,,,600mAh,,,IP67,,,상세설명 / 판매 사이트 문의 인증번호 확인,상세설명 / 판매 사이트 문의 인증번호 확인
104,Zanmax FR930,74800,http://prod.danawa.com/bridge/loadingBridge.html?cate1=224&cate2=58304&cate3=58305&cate4=0&pcode=8155054&cmpnyc=TQB02&safe_trade=4&fee_type=T&link_pcode=1513012653&package=0&setpc=0,,201906,스마트워치,,블루투스,,안드로이드OS,iOS,원형,,,,,,,,,○,,○,,○,,,,,,,,○,,,,,,,,,,,○,,,,,○,,,,,,,,,,,,,,,,,,,,,,,○,,,,,5ATM,,,상세설명 / 판매 사이트 문의 인증번호 확인,상세설명 / 판매 사이트 문의 인증번호 확인
105,APPLE 워치 시리즈5 에르메스 44mm Cellular 스테인리스 스틸 케이스,1860000,http://prod.danawa.com/bridge/loadingBridge.html?cate1=224&cate2=58304&cate3=58305&cate4=0&pcode=9706596&cmpnyc=EE715&safe_trade=4&fee_type=T&link_pcode=B782004489&package=0&setpc=0,APPLE,201912,스마트워치,iOS(WatchOS),LTE+블루투스,v5.0,,,사각형,OLED,,368x448,애플S5,,,저장 : 32GB,○,○,○,○,○,,○,○,,,○,,,○,○,○,,,○,,,,,,○,○,○,○,,○,○,○,,○,○,○,○,,,○,,,,,,,,,,,○,,,○,,평균사용:1일이하,,5ATM,,밴드분리형,상세설명 / 판매 사이트 문의 인증번호 확인,상세설명 / 판매 사이트 문의 인증번호 확인
106,zeblaze Thor 4 Pro LTE,131090,http://prod.danawa.com/bridge/loadingBridge.html?cate1=224&cate2=58304&cate3=58305&cate4=0&pcode=6821701&cmpnyc=TQB02&safe_trade=4&fee_type=T&link_pcode=1533526101&package=0&setpc=0,zeblaze,201812,스마트워치,안드로이드OS,LTE+블루투스,,안드로이드OS,iOS,원형,,"4.1cm(1.6"")",320x320,미디어텍 MT6739,쿼드(4)코어,램 : 1GB,저장 : 16GB,○,○,,○,○,,,,,,,,,,,,,,,,,,,,○,○,○,,,○,,,,,,,○,,,○,,,,,,,,○,○,,,,,,600mAh,,76g,,,,상세설명 / 판매 사이트 문의 인증번호 확인,상세설명 / 판매 사이트 문의 인증번호 확인
107,APPLE 워치 시리즈3 나이키+ 38mm Cellular 알루미늄 케이스,375210,http://prod.danawa.com/bridge/loadingBridge.html?cate1=224&cate2=58304&cate3=58305&cate4=0&pcode=6198995&cmpnyc=TN118&safe_trade=4&fee_type=T&link_pcode=1000038749049&package=0&setpc=0,APPLE,201806,스마트워치,iOS(WatchOS),LTE+블루투스,v4.2,,v12.0 이상,사각형,OLED,,340x272,애플S3,듀얼(2)코어,램 : 768MB,저장 : 16GB,○,○,○,○,○,○,○,○,,○,,,,○,○,○,,,,,○,,,○,○,○,○,○,○,,,,,,,,,,,,○,,○,,,○,○,○,,○,○,○,,,,평균사용:18시간,28.7g,,전용시계줄,밴드분리형,상세설명 / 판매 사이트 문의 인증번호 확인,상세설명 / 판매 사이트 문의 인증번호 확인
108,런타스틱 모멘트 펀,119210,http://prod.danawa.com/bridge/loadingBridge.html?cate1=224&cate2=58304&cate3=58305&cate4=0&pcode=3952566&cmpnyc=ED910&safe_trade=4&fee_type=T&link_pcode=4847099416&package=0&setpc=0,런타스틱,201604,스마트워치,,블루투스,,안드로이드OS,iOS,,,"3.8cm(1.5"")",,,,,,,○,,,,○,,,,,,,,,,,,,,,,,,,○,○,○,○,○,,,,,,,,,,,,○,,○,,,,,,,○,○,,,,,평균사용:6개월,225g,,,,MSIP-CRM-KRi-DP166 인증번호 확인,상세설명 / 판매 사이트 문의 인증번호 확인
109,LG전자 워치 어베인,522000,http://prod.danawa.com/bridge/loadingBridge.html?cate1=224&cate2=58304&cate3=58305&cate4=0&pcode=3348344&cmpnyc=TH201&safe_trade=4&fee_type=T&link_pcode=1440048161&package=0&setpc=0,LG전자,201503,스마트워치,웹OS,블루투스,,안드로이드OS,,원형,OLED,"3.3cm(1.3"")",320x320,퀄컴 스냅드래곤400,쿼드(4)코어,램 : 512MB,저장 : 4GB,,,○,○,,,○,○,,,,,,,,,,,,,,,,,○,○,,,○,,,,,,,,,,,,○,,○,,,○,○,○,,,○,,,,410mAh,,,IP67,표준 22mm 시계줄,밴드분리형,MSIP-CMM-LGE-MCW150 인증번호 확인,상세설명 / 판매 사이트 문의 인증번호 확인
110,W529,24220,http://prod.danawa.com/bridge/loadingBridge.html?cate1=224&cate2=58304&cate3=58305&cate4=0&pcode=6386784&cmpnyc=TQB02&safe_trade=4&fee_type=T&link_pcode=1454749761&package=0&setpc=0,,201808,스마트워치,,,,,,사각형,,"3.66cm(1.44"")",128x128,미디어텍 MT2503,,,,,○,,,,,,,,,,,,,,,,,,,,,,,○,,,,,,,,,,,,,,,,,,,,,,,,○,,,,,,400mAh,,40g,,,밴드일체형,상세설명 / 판매 사이트 문의 인증번호 확인,상세설명 / 판매 사이트 문의 인증번호 확인
111,zeblaze Crystal 2,39300,http://prod.danawa.com/bridge/loadingBridge.html?cate1=224&cate2=58304&cate3=58305&cate4=0&pcode=6448014&cmpnyc=EE715&safe_trade=4&fee_type=T&link_pcode=B620400683&package=0&setpc=0,zeblaze,201809,스마트워치,기타OS,블루투스,,안드로이드OS,iOS,사각형,IPS,"3.28cm(1.29"")",,,,,,,,,○,,,,,,,,,,,,,,,,,,,,,○,○,○,,○,○,,,,,,,,,,,,,,,,,,,○,,,,,○,180mAh,평균사용:5일~7일,,IP67,,밴드분리형,상세설명 / 판매 사이트 문의 인증번호 확인,상세설명 / 판매 사이트 문의 인증번호 확인
112,핏빗 Surge,258210,http://prod.danawa.com/bridge/loadingBridge.html?cate1=224&cate2=58304&cate3=58305&cate4=0&pcode=3293672&cmpnyc=EE128&safe_trade=4&fee_type=T&link_pcode=1129882029&package=0&setpc=0,핏빗,201507,스마트워치,기타OS,블루투스,,안드로이드OS,iOS,사각형,LCD,"2.5cm(1.0"")",,,,,,,○,,○,○,○,○,,,,,,,,,,,,,,,,,,○,○,○,○,○,,,,,,,,,,,,○,,○,,,○,,,,,○,,,,,평균사용:7일,,,,밴드일체형,상세설명 / 판매 사이트 문의 인증번호 확인,상세설명 / 판매 사이트 문의 인증번호 확인
113,lemfo LF16,132650,http://prod.danawa.com/bridge/loadingBridge.html?cate1=224&cate2=58304&cate3=58305&cate4=0&pcode=5914481&cmpnyc=EE715&safe_trade=4&fee_type=T&link_pcode=B463506061&package=0&setpc=0,lemfo,201802,스마트워치,안드로이드OS,블루투스,,,,원형,IPS,"3.53cm(1.39"")",400x400,미디어텍 MT6580,쿼드(4)코어,램 : 512MB,저장 : 8GB,○,○,,○,,,,,,,,,,,,,,,,,,,,,,,,,,,,,,,,,,,,,,,,,,,,○,,,○,,,,360mAh,,,,,,상세설명 / 판매 사이트 문의 인증번호 확인,상세설명 / 판매 사이트 문의 인증번호 확인
114,APPLE 워치 시리즈4 44mm Cellular 스테인리스 스틸 케이스,845900,http://prod.danawa.com/bridge/loadingBridge.html?cate1=224&cate2=58304&cate3=58305&cate4=0&pcode=7408852&cmpnyc=TP40F&safe_trade=4&fee_type=T&link_pcode=I446305704&package=0&setpc=0,APPLE,201809,스마트워치,iOS(WatchOS),LTE+블루투스,v5.0,,v12.0 이상,사각형,OLED,,368x448,애플S4,듀얼(2)코어,,저장 : 16GB,○,○,,○,○,,○,○,,,,○,,○,○,○,,,○,,○,,,○,○,○,○,○,,○,○,○,,○,○,,○,,,,,,,,○,○,,,,,,○,,○,,평균사용:1일이하,47.9g,5ATM,전용시계줄,밴드분리형,상세설명 / 판매 사이트 문의 인증번호 확인,상세설명 / 판매 사이트 문의 인증번호 확인
115,APPLE 워치 시리즈5 에디션 44mm Cellular 티타늄 케이스,1320000,http://prod.danawa.com/bridge/loadingBridge.html?cate1=224&cate2=58304&cate3=58305&cate4=0&pcode=9706728&cmpnyc=EE128&safe_trade=4&fee_type=T&link_pcode=1774814403&package=0&setpc=0,APPLE,201912,스마트워치,iOS(WatchOS),LTE+블루투스,v5.0,,,사각형,OLED,,368x448,애플S5,,,저장 : 32GB,○,○,○,○,○,,○,○,,,○,,,○,○,○,,,○,,,,,,○,○,○,○,,○,○,○,,○,○,○,○,,,○,,,,,,,,,,,○,,,○,,평균사용:1일이하,,5ATM,,밴드분리형,상세설명 / 판매 사이트 문의 인증번호 확인,상세설명 / 판매 사이트 문의 인증번호 확인
116,XGODY NX2,39800,http://prod.danawa.com/bridge/loadingBridge.html?cate1=224&cate2=58304&cate3=58305&cate4=0&pcode=6417408&cmpnyc=EE128&safe_trade=4&fee_type=T&link_pcode=1473981471&package=0&setpc=0,XGODY,201808,스마트워치,Nucleus OS,블루투스,,안드로이드OS,iOS,원형,,,,,,,,,,,,,,,,,,,,,,,,,,,,,,,,○,○,○,,,,,,,,,,,,,,,,○,,,,,,○,,,,○,,,,,5ATM,,,상세설명 / 판매 사이트 문의 인증번호 확인,상세설명 / 판매 사이트 문의 인증번호 확인
117,샤오미 어메이즈핏 페이스 2 스포츠,207840,http://prod.danawa.com/bridge/loadingBridge.html?cate1=224&cate2=58304&cate3=58305&cate4=0&pcode=6065098&cmpnyc=TH201&safe_trade=4&fee_type=T&link_pcode=2023022156&package=0&setpc=0,샤오미,201804,스마트워치,,블루투스,,안드로이드OS,iOS,원형,,"3.4cm(1.34"")",320x300,,듀얼(2)코어,램 : 512MB,저장 : 4GB,,,,○,○,,○,○,,,,,,,,,,,,,,,,,○,○,,○,,,,,,,,,,,,,,,○,,,○,,,,,,,,,290mAh,,53.7g,,,,상세설명 / 판매 사이트 문의 인증번호 확인,상세설명 / 판매 사이트 문의 인증번호 확인
118,Diggro DB-05,56010,http://prod.danawa.com/bridge/loadingBridge.html?cate1=224&cate2=58304&cate3=58305&cate4=0&pcode=6183420&cmpnyc=TQB02&safe_trade=4&fee_type=T&link_pcode=1417207936&package=0&setpc=0,Diggro,201805,스마트워치,,블루투스,,안드로이드OS,iOS,원형,OLED,"2.41cm(0.95"")",,,,,,,○,,○,,,○,,,,,,,,,,,,,,,,,,○,○,,,○,,,,,,,,,,,,,,○,,,,,,,,,,,,350mAh,평균사용:7일,35g,IP67,,,상세설명 / 판매 사이트 문의 인증번호 확인,상세설명 / 판매 사이트 문의 인증번호 확인
119,ASUS 젠워치,213970,http://prod.danawa.com/bridge/loadingBridge.html?cate1=224&cate2=58304&cate3=58305&cate4=0&pcode=3358698&cmpnyc=EE715&safe_trade=4&fee_type=T&link_pcode=B271223881&package=0&setpc=0,ASUS,201410,스마트워치,안드로이드OS,블루투스,,안드로이드OS,,사각형,OLED,"4.1cm(1.6"")",320x320,퀄컴 스냅드래곤400,쿼드(4)코어,램 : 512MB,저장 : 4GB,,,,,,○,○,,,,,,,,,,,,,,,,,,○,○,○,○,,,,,,,,,,,,,○,,○,,,○,○,○,,,○,,,,369mAh,,25g,IP55,표준 22mm 시계줄,밴드분리형,상세설명 / 판매 사이트 문의 인증번호 확인,상세설명 / 판매 사이트 문의 인증번호 확인
120,삼성전자 갤럭시 기어,305100,http://prod.danawa.com/bridge/loadingBridge.html?cate1=224&cate2=58304&cate3=58305&cate4=0&pcode=2270127&cmpnyc=EE715&safe_trade=4&fee_type=T&link_pcode=B243479182&package=0&setpc=0,삼성전자,201309,스마트워치,,,,,,,OLED,"4.1cm(1.6"")",320x320,,,,,,○,,,,,○,,,,,,,,,,,,,,,,,,○,,,,,,,,,,,,,,,,,,○,,,,○,○,○,,○,,,,,평균사용:25시간,,,,밴드일체형,상세설명 / 판매 사이트 문의 인증번호 확인,상세설명 / 판매 사이트 문의 인증번호 확인
121,F7 스마트워치,56600,http://prod.danawa.com/bridge/loadingBridge.html?cate1=224&cate2=58304&cate3=58305&cate4=0&pcode=7062676&cmpnyc=EE128&safe_trade=4&fee_type=T&link_pcode=1512906621&package=0&setpc=0,,201901,스마트워치,기타OS,블루투스,,,,원형,OLED,,,Nordic nRF52832,,,,,○,,○,○,,,○,,,,,,,,,,,,,,,,,○,○,○,,○,○,,,,○,,○,,,,,,,○,,,,,,,,○,,,○,400mAh,,180g,IP67,,,상세설명 / 판매 사이트 문의 인증번호 확인,상세설명 / 판매 사이트 문의 인증번호 확인
122,Microwear L3,40680,http://prod.danawa.com/bridge/loadingBridge.html?cate1=224&cate2=58304&cate3=58305&cate4=0&pcode=6272746&cmpnyc=TQB02&safe_trade=4&fee_type=T&link_pcode=1454754943&package=0&setpc=0,,201807,스마트워치,기타OS,블루투스,,안드로이드OS,iOS,원형,IPS,"3.0cm(1.2"")",240x240,미디어텍 MT2502,,,,,,,,,,,,,,,,,,,,,,,,,,,,○,○,○,,○,○,,,,,,,,,,,,,○,,,,,,○,,,,○,,380mAh,,51g,,,,상세설명 / 판매 사이트 문의 인증번호 확인,상세설명 / 판매 사이트 문의 인증번호 확인
123,핏빗 Blaze,251280,http://prod.danawa.com/bridge/loadingBridge.html?cate1=224&cate2=58304&cate3=58305&cate4=0&pcode=3689489&cmpnyc=EE128&safe_trade=4&fee_type=T&link_pcode=809150427&package=0&setpc=0,핏빗,201601,스마트워치,,블루투스,,안드로이드OS,iOS,사각형,,,,,,,,,○,,○,○,○,○,,,,,,,,,,,,,,,,,,○,○,○,○,○,,,,,,,,,,,,○,,○,,,,,,,○,○,,,,,평균사용:5일,,,전용시계줄,밴드분리형,상세설명 / 판매 사이트 문의 인증번호 확인,상세설명 / 판매 사이트 문의 인증번호 확인
124,APPLE 워치 시리즈5 40mm Cellular 스페이스 그레이 알루미늄 케이스,652400,http://prod.danawa.com/bridge/loadingBridge.html?cate1=224&cate2=58304&cate3=58305&cate4=0&pcode=9705825&cmpnyc=EE128&safe_trade=4&fee_type=T&link_pcode=1744728362&package=0&setpc=0,APPLE,201910,스마트워치,iOS(WatchOS),LTE+블루투스,v5.0,,,사각형,OLED,,324x394,애플S5,,,저장 : 32GB,○,○,○,○,○,,○,○,,,○,,,○,○,○,,,○,,,,,,○,○,○,○,,○,○,○,,○,○,○,○,,,○,,,,,,,,,,,○,,,○,,평균사용:1일이하,,5ATM,,밴드분리형,상세설명 / 판매 사이트 문의 인증번호 확인,상세설명 / 판매 사이트 문의 인증번호 확인
125,V6,42900,http://prod.danawa.com/bridge/loadingBridge.html?cate1=224&cate2=58304&cate3=58305&cate4=0&pcode=6338779&cmpnyc=EE128&safe_trade=4&fee_type=T&link_pcode=1469991150&package=0&setpc=0,,201807,스마트워치,기타OS,블루투스,,안드로이드OS,iOS,사각형,IPS,"3.3cm(1.3"")",240x240,Nordic nRF52832,,램 : 64KB,저장 : 512KB,,,,○,,,,,,,,,,,,,,,,,,,,,○,○,○,,○,○,,○,,,○,,○,,○,,○,,○,,,○,,,○,,,,,○,100mAh,,,,,밴드일체형,상세설명 / 판매 사이트 문의 인증번호 확인,상세설명 / 판매 사이트 문의 인증번호 확인
126,화웨이 아너 Zero,76380,http://prod.danawa.com/bridge/loadingBridge.html?cate1=224&cate2=58304&cate3=58305&cate4=0&pcode=3574446&cmpnyc=TH201&safe_trade=4&fee_type=T&link_pcode=1436533044&package=0&setpc=0,화웨이,201511,스마트워치,,블루투스,,안드로이드OS,iOS,원형,,"3.8cm(1.5"")",,,,,,,,,,○,○,○,,,,,,,,,,,,,,,,,,○,○,○,○,○,,,,,,,,,,,,○,,○,,,○,,,,○,○,,,,70mAh,평균사용:4일,40g,IP68,전용시계줄,밴드분리형,상세설명 / 판매 사이트 문의 인증번호 확인,상세설명 / 판매 사이트 문의 인증번호 확인
127,Newwear Q6,78080,http://prod.danawa.com/bridge/loadingBridge.html?cate1=224&cate2=58304&cate3=58305&cate4=0&pcode=8201947&cmpnyc=TQB02&safe_trade=4&fee_type=T&link_pcode=1454027910&package=0&setpc=0,,201906,스마트워치,기타OS,블루투스,v4.0,v4.4 이상,v8.0 이상,원형,LCD,"2.5cm(1.0"")",128x128,미디어텍 MT2523,,,,,○,,○,,,,,,,,,,○,○,○,,,○,,○,,,,○,○,○,○,○,○,,,,,,,,,,,,,○,,,,,,○,,○,,○,○,460mAh,,,IP67,,,상세설명 / 판매 사이트 문의 인증번호 확인,상세설명 / 판매 사이트 문의 인증번호 확인
128,L12S,81730,http://prod.danawa.com/bridge/loadingBridge.html?cate1=224&cate2=58304&cate3=58305&cate4=0&pcode=3546253&cmpnyc=ED910&safe_trade=4&fee_type=T&link_pcode=4084321705&package=0&setpc=0,,201511,스마트워치,,블루투스,,안드로이드OS,,사각형,OLED,,,,,,,,,,,○,○,○,,,,,,,,,,,,,,,,,,○,○,,○,,,,,,,,,,,,,○,,○,,,○,,,,○,,,,,250mAh,평균사용:7일,,,전용시계줄,,상세설명 / 판매 사이트 문의 인증번호 확인,상세설명 / 판매 사이트 문의 인증번호 확인
129,FS08,88360,http://prod.danawa.com/bridge/loadingBridge.html?cate1=224&cate2=58304&cate3=58305&cate4=0&pcode=6358653&cmpnyc=TQB02&safe_trade=4&fee_type=T&link_pcode=1454025785&package=0&setpc=0,,201808,스마트워치,기타OS,블루투스,,안드로이드OS,iOS,원형,TFT,"3.2cm(1.26"")",320x320,미디어텍 MT2503,,램 : 32MB,저장 : 128MB,,○,,○,,,,,,,,,,,,,,,,,,,,,○,○,○,○,○,○,,○,,○,○,,,,,,,,,,,,,,○,,,,,,450mAh,평균사용:2일,55.5g,IP68,,밴드일체형,상세설명 / 판매 사이트 문의 인증번호 확인,상세설명 / 판매 사이트 문의 인증번호 확인
130,APPLE 워치 시리즈5 에디션 40mm Cellular 화이트 세라믹 케이스,1990000,http://prod.danawa.com/bridge/loadingBridge.html?cate1=224&cate2=58304&cate3=58305&cate4=0&pcode=9706635&cmpnyc=EE128&safe_trade=4&fee_type=T&link_pcode=1774881734&package=0&setpc=0,APPLE,201912,스마트워치,iOS(WatchOS),LTE+블루투스,v5.0,,,사각형,OLED,,324x394,애플S5,,,저장 : 32GB,○,○,○,○,○,,○,○,,,○,,,○,○,○,,,○,,,,,,○,○,○,○,,○,○,○,,○,○,○,○,,,○,,,,,,,,,,,○,,,○,,평균사용:1일이하,,5ATM,,밴드분리형,상세설명 / 판매 사이트 문의 인증번호 확인,상세설명 / 판매 사이트 문의 인증번호 확인
131,APPLE 워치 시리즈3 38mm Cellular 알루미늄 케이스,375210,http://prod.danawa.com/bridge/loadingBridge.html?cate1=224&cate2=58304&cate3=58305&cate4=0&pcode=6197065&cmpnyc=TN118&safe_trade=4&fee_type=T&link_pcode=1000037241593&package=0&setpc=0,APPLE,201806,스마트워치,iOS(WatchOS),LTE+블루투스,v4.2,,v12.0 이상,사각형,OLED,,340x272,애플S3,듀얼(2)코어,램 : 768MB,저장 : 16GB,○,○,○,○,○,○,○,○,,○,,,,○,○,○,,,,,○,,,○,○,○,○,○,○,,,,,,,,,,,,○,,○,,,○,○,○,,○,○,○,,,,평균사용:18시간,28.7g,,전용시계줄,밴드분리형,상세설명 / 판매 사이트 문의 인증번호 확인,상세설명 / 판매 사이트 문의 인증번호 확인
132,SONY 스마트워치2 SW2,204840,http://prod.danawa.com/bridge/loadingBridge.html?cate1=224&cate2=58304&cate3=58305&cate4=0&pcode=2124836&cmpnyc=TH201&safe_trade=4&fee_type=T&link_pcode=1670844282&package=0&setpc=0,SONY,201306,스마트워치,,,,,,,LCD,"4.1cm(1.6"")",220x176,,,,,,○,,,,,,,,,,,,,,,,,,,,,,,,,,,,,,,,,,,,,,,,,○,,,,,,,,○,,,,,평균사용:3~7일,,,,밴드분리형,MSIP-CRI-SOK-SW2 인증번호 확인,상세설명 / 판매 사이트 문의 인증번호 확인
133,Allcall W1,138010,http://prod.danawa.com/bridge/loadingBridge.html?cate1=224&cate2=58304&cate3=58305&cate4=0&pcode=5820251&cmpnyc=TQB02&safe_trade=4&fee_type=T&link_pcode=1146811966&package=0&setpc=0,Allcall,201801,스마트워치,안드로이드OS,블루투스,,안드로이드OS,iOS,원형,AMOLED,"3.6cm(1.4"")",400x400,,쿼드(4)코어,램 : 2GB,저장 : 16GB,○,○,,○,,,,,,,,,,,,,,,,,,,,,,,,,○,,,,,,,,,,,,,,○,,,,,,,,,,,,400mAh,,,,,,상세설명 / 판매 사이트 문의 인증번호 확인,상세설명 / 판매 사이트 문의 인증번호 확인
134,노키아 스틸 HR 하이브리드,238420,http://prod.danawa.com/bridge/loadingBridge.html?cate1=224&cate2=58304&cate3=58305&cate4=0&pcode=6247559&cmpnyc=ED910&safe_trade=4&fee_type=T&link_pcode=5836572807&package=0&setpc=0,노키아,201806,스마트워치,기타OS,블루투스,,안드로이드OS,iOS,원형,,,,,,,,,,,,,,,,,,,,,,,,,,,,,,,,,○,○,,○,○,,,,,,,,,,,,,○,,,,,,,,,,,○,,평균사용:25일,,5ATM,,,상세설명 / 판매 사이트 문의 인증번호 확인,상세설명 / 판매 사이트 문의 인증번호 확인
135,삼성전자 기어2,254390,http://prod.danawa.com/bridge/loadingBridge.html?cate1=224&cate2=58304&cate3=58305&cate4=0&pcode=2476868&cmpnyc=EE715&safe_trade=4&fee_type=T&link_pcode=B397644582&package=0&setpc=0,삼성전자,201402,스마트워치,타이젠OS,블루투스,,,,사각형,OLED,"4.1cm(1.6"")",320x320,,듀얼(2)코어,램 : 512MB,저장 : 4GB,,,,○,○,○,○,,,,,,,,,,,,,,,,,,○,,,,,,,,,,,,,,,,○,,○,,,○,○,○,○,,○,,,,300mAh,평균사용:2일,68g,,표준 22mm 시계줄,밴드분리형,상세설명 / 판매 사이트 문의 인증번호 확인,상세설명 / 판매 사이트 문의 인증번호 확인
136,APPLE 워치 시리즈5 에디션 40mm Cellular 티타늄 케이스,1250000,http://prod.danawa.com/bridge/loadingBridge.html?cate1=224&cate2=58304&cate3=58305&cate4=0&pcode=9706725&cmpnyc=EE715&safe_trade=4&fee_type=T&link_pcode=B824981870&package=0&setpc=0,APPLE,201912,스마트워치,iOS(WatchOS),LTE+블루투스,v5.0,,,사각형,OLED,,324x394,애플S5,,,저장 : 32GB,○,○,○,○,○,,○,○,,,○,,,○,○,○,,,○,,,,,,○,○,○,○,,○,○,○,,○,○,○,○,,,○,,,,,,,,,,,○,,,○,,평균사용:1일이하,,5ATM,,밴드분리형,상세설명 / 판매 사이트 문의 인증번호 확인,상세설명 / 판매 사이트 문의 인증번호 확인
137,lemfo LES1,173450,http://prod.danawa.com/bridge/loadingBridge.html?cate1=224&cate2=58304&cate3=58305&cate4=0&pcode=5609159&cmpnyc=TQB02&safe_trade=4&fee_type=T&link_pcode=1232122594&package=0&setpc=0,lemfo,201711,스마트워치,안드로이드OS,블루투스,,안드로이드OS,iOS,원형,OLED,"3.6cm(1.4"")",400x400,미디어텍 MT6580,쿼드(4)코어,램 : 1GB,저장 : 16GB,○,○,,○,,○,,,,,,,,,,,,,,,,,,,○,○,,○,○,,,,,,,,,,,,○,,○,,,○,○,○,○,○,○,,,,350mAh,,,,표준 21mm 시계줄,밴드분리형,상세설명 / 판매 사이트 문의 인증번호 확인,상세설명 / 판매 사이트 문의 인증번호 확인
138,DM98 3G,117380,http://prod.danawa.com/bridge/loadingBridge.html?cate1=224&cate2=58304&cate3=58305&cate4=0&pcode=8186338&cmpnyc=EE715&safe_trade=4&fee_type=T&link_pcode=B472585994&package=0&setpc=0,,201906,스마트워치,안드로이드OS,블루투스,v4.0,v4.4 이상,,사각형,IPS,5.59cm(2.2),320x240,미디어텍 MT6572,듀얼(2)코어,램 : 512MB,저장 : 4GB,○,○,,,,,,,,,,,,,,,,,,,,,,,,,,,,,,,,,,,,,,,,,,,,,,,,,,,,,900mAh,,,,,,상세설명 / 판매 사이트 문의 인증번호 확인,상세설명 / 판매 사이트 문의 인증번호 확인
139,DM58,53680,http://prod.danawa.com/bridge/loadingBridge.html?cate1=224&cate2=58304&cate3=58305&cate4=0&pcode=5457401&cmpnyc=EE715&safe_trade=4&fee_type=T&link_pcode=B460120579&package=0&setpc=0,,201709,스마트워치,,블루투스,,안드로이드OS,,원형,OLED,"2.41cm(0.95"")",,,,,,,,,○,,○,,,,,,,,,,,,,,,,,,,○,○,○,,○,,,,,,,,,,,,○,,○,,,,,,,○,○,,,,130mAh,평균사용:7일,39g,,,,상세설명 / 판매 사이트 문의 인증번호 확인,상세설명 / 판매 사이트 문의 인증번호 확인
140,R13,47780,http://prod.danawa.com/bridge/loadingBridge.html?cate1=224&cate2=58304&cate3=58305&cate4=0&pcode=6350504&cmpnyc=TQB02&safe_trade=4&fee_type=T&link_pcode=1472323958&package=0&setpc=0,,201807,스마트워치,기타OS,블루투스,,안드로이드OS,iOS,원형,OLED,"2.41cm(0.95"")",,Nordic nRF52832,,,,,,,○,,,,,,,,,,,,,,,,,,,,,○,○,○,,○,○,,,,,,,,,○,,,,○,,,,,,○,,,,○,○,110mAh,,,IP67,표준 20mm 시계줄,밴드분리형,상세설명 / 판매 사이트 문의 인증번호 확인,상세설명 / 판매 사이트 문의 인증번호 확인
141,DM99,153250,http://prod.danawa.com/bridge/loadingBridge.html?cate1=224&cate2=58304&cate3=58305&cate4=0&pcode=6348468&cmpnyc=TQB02&safe_trade=4&fee_type=T&link_pcode=1471396168&package=0&setpc=0,,201807,스마트워치,안드로이드OS,블루투스,,안드로이드OS,iOS,사각형,IPS,5.59cm(2.2),320x240,미디어텍 MT6580,쿼드(4)코어,램 : 1GB,저장 : 16GB,○,○,,○,○,,○,,,,,,,,,,,,,,,,,,○,○,,,,○,,○,,,,,,,,,,,,,,○,,,○,○,,,,,"1,200mAh",,,,,밴드분리형,상세설명 / 판매 사이트 문의 인증번호 확인,상세설명 / 판매 사이트 문의 인증번호 확인
142,아이디어뱅크 A2,130500,http://prod.danawa.com/bridge/loadingBridge.html?cate1=224&cate2=58304&cate3=58305&cate4=0&pcode=4384863&cmpnyc=EE128&safe_trade=4&fee_type=T&link_pcode=756570090&package=0&setpc=0,아이디어뱅크,201601,스마트워치,,,,안드로이드OS,iOS,사각형,,"3.6cm(1.4"")",,,,,,,,,,,○,,○,,,,,,,,,,,,,,,,,○,○,,○,,,,,,,,,,,,,○,,○,,,○,○,○,,○,○,,,,230mAh,평균사용:7일,50g,,,,상세설명 / 판매 사이트 문의 인증번호 확인,상세설명 / 판매 사이트 문의 인증번호 확인
143,ZGPAX S99 3G,93010,http://prod.danawa.com/bridge/loadingBridge.html?cate1=224&cate2=58304&cate3=58305&cate4=0&pcode=8087566&cmpnyc=EE715&safe_trade=4&fee_type=T&link_pcode=B513735277&package=0&setpc=0,ZGPAX,201906,스마트워치,안드로이드OS,블루투스,,,,원형,,,360x360,미디어텍 MT6580,쿼드(4)코어,램 : 512MB,저장 : 8GB,○,○,,,○,,,,,,,,,,,,,,,,,,,,,,,,,,,,,,,,,,,,,,,,,,,,○,,,,,,400mAh,,,,,밴드일체형,상세설명 / 판매 사이트 문의 인증번호 확인,상세설명 / 판매 사이트 문의 인증번호 확인
144,화웨이 화웨이 워치,530000,http://prod.danawa.com/bridge/loadingBridge.html?cate1=224&cate2=58304&cate3=58305&cate4=0&pcode=3406891&cmpnyc=TH201&safe_trade=4&fee_type=T&link_pcode=1401313218&package=0&setpc=0,화웨이,201510,스마트워치,안드로이드OS,블루투스,,안드로이드OS,iOS,원형,OLED,"3.6cm(1.4"")",400x400,퀄컴 스냅드래곤400,쿼드(4)코어,램 : 512MB,저장 : 4GB,○,,,○,○,,○,○,,,,,,,,,,,,,,,,,,,,○,○,,,,,,,,,,,,○,,○,,,○,○,○,,○,○,,,,300mAh,평균사용:1.5일,,IP67,표준 18mm 시계줄,밴드분리형,상세설명 / 판매 사이트 문의 인증번호 확인,상세설명 / 판매 사이트 문의 인증번호 확인
145,King-Wear KW06,106130,http://prod.danawa.com/bridge/loadingBridge.html?cate1=224&cate2=58304&cate3=58305&cate4=0&pcode=6447765&cmpnyc=TQB02&safe_trade=4&fee_type=T&link_pcode=1488370662&package=0&setpc=0,King-Wear,201809,스마트워치,안드로이드OS,블루투스,,안드로이드OS,iOS,사각형,,"3.91cm(1.54"")",320x320,미디어텍 MT6580,쿼드(4)코어,램 : 512MB,저장 : 8GB,,○,,○,,,,,,,,,,,,,,,,,,,,,○,○,○,,,○,,,,,,,,,,,,,,,,,,,○,,,,,,460mAh,,66g,IP68,,밴드일체형,상세설명 / 판매 사이트 문의 인증번호 확인,상세설명 / 판매 사이트 문의 인증번호 확인
146,APPLE 워치 시리즈5 44mm Cellular 골드 알루미늄 케이스,650100,http://prod.danawa.com/bridge/loadingBridge.html?cate1=224&cate2=58304&cate3=58305&cate4=0&pcode=9705780&cmpnyc=TP40F&safe_trade=4&fee_type=T&link_pcode=I2386474294&package=0&setpc=0,APPLE,201910,스마트워치,iOS(WatchOS),LTE+블루투스,v5.0,,,사각형,OLED,,368x448,애플S5,,,저장 : 32GB,○,○,○,○,○,,○,○,,,○,,,○,○,○,,,○,,,,,,○,○,○,○,,○,○,○,,○,○,○,○,,,○,,,,,,,,,,,○,,,○,,평균사용:1일이하,,5ATM,,밴드분리형,상세설명 / 판매 사이트 문의 인증번호 확인,상세설명 / 판매 사이트 문의 인증번호 확인
147,APPLE 워치 시리즈3 42mm Cellular 스테인리스 스틸 케이스,656568,http://prod.danawa.com/bridge/loadingBridge.html?cate1=224&cate2=58304&cate3=58305&cate4=0&pcode=6198770&cmpnyc=TN118&safe_trade=4&fee_type=T&link_pcode=1000028203740&package=0&setpc=0,APPLE,201806,스마트워치,iOS(WatchOS),LTE+블루투스,v4.2,,v12.0 이상,사각형,OLED,,390x312,애플S3,듀얼(2)코어,램 : 768MB,저장 : 16GB,○,○,○,○,○,○,○,○,,○,,,,○,○,○,,,,,○,,,○,○,○,○,○,○,,,,,,,,,,,,○,,○,,,○,○,○,,○,○,○,,,,평균사용:18시간,52.8g,,전용시계줄,밴드분리형,상세설명 / 판매 사이트 문의 인증번호 확인,상세설명 / 판매 사이트 문의 인증번호 확인
148,R11S,44900,http://prod.danawa.com/bridge/loadingBridge.html?cate1=224&cate2=58304&cate3=58305&cate4=0&pcode=6458970&cmpnyc=EE715&safe_trade=4&fee_type=T&link_pcode=B574687183&package=0&setpc=0,,201809,스마트워치,기타OS,블루투스,,안드로이드OS,iOS,사각형,,"2.41cm(0.95"")",,,,,,,,,,,,,,,,,,,,,,,,,,,,,,○,○,○,,○,,,○,,,,,,,,,,,○,,,,,,○,,,,○,○,,,,IP67,표준 20mm 시계줄,밴드분리형,상세설명 / 판매 사이트 문의 인증번호 확인,상세설명 / 판매 사이트 문의 인증번호 확인
149,Diggro DI09,42920,http://prod.danawa.com/bridge/loadingBridge.html?cate1=224&cate2=58304&cate3=58305&cate4=0&pcode=6197985&cmpnyc=TQB02&safe_trade=4&fee_type=T&link_pcode=1417208061&package=0&setpc=0,Diggro,201806,스마트워치,기타OS,블루투스,,안드로이드OS,iOS,원형,OLED,"2.43cm(0.96"")",96x96,Nordic nRF51822,,램 : 256KB,,,○,,○,,,,,,,,,,,,,,,,,,,,,,,,,○,,,○,,,,,,,,,○,,○,,,,,,○,,,,○,,350mAh,,65g,IP68,,밴드일체형,상세설명 / 판매 사이트 문의 인증번호 확인,상세설명 / 판매 사이트 문의 인증번호 확인
150,XGODY DM68,48160,http://prod.danawa.com/bridge/loadingBridge.html?cate1=224&cate2=58304&cate3=58305&cate4=0&pcode=6448275&cmpnyc=TQB02&safe_trade=4&fee_type=T&link_pcode=992779680&package=0&setpc=0,XGODY,201809,스마트워치,기타OS,블루투스,,안드로이드OS,iOS,사각형,OLED,"2.41cm(0.95"")",96x64,Nordic nRF51822,,램 : 32KB,저장 : 256KB,,,,○,,,,,,,,,,,,,,,,,,,,,○,○,○,,○,○,,,,,,,,,,,,,○,,,,,,,,,,,,120mAh,,,IP67,,,상세설명 / 판매 사이트 문의 인증번호 확인,상세설명 / 판매 사이트 문의 인증번호 확인
151,"삼성전자 기어S2 밴드 클래식, SKT",235690,http://prod.danawa.com/bridge/loadingBridge.html?cate1=224&cate2=58304&cate3=58305&cate4=0&pcode=7367395&cmpnyc=ED910&safe_trade=4&fee_type=T&link_pcode=6398159073&package=0&setpc=0,삼성전자,201512,스마트워치,타이젠OS,블루투스,,안드로이드OS,,원형,OLED,"3.0cm(1.2"")",360x360,,듀얼(2)코어,램 : 512MB,저장 : 4GB,○,○,○,○,○,○,○,○,,,,,,,,,,,,,,,,,○,○,○,○,○,,,,,,,,,,,,○,,○,,,○,○,○,,○,○,○,,,250mAh,평균사용:약 2일,42g,,표준 20mm 시계줄,밴드분리형,상세설명 / 판매 사이트 문의 인증번호 확인,MSIP-CMM-SEC-SMR750 인증번호 확인
152,ASUS 젠워치2,199000,http://prod.danawa.com/bridge/loadingBridge.html?cate1=224&cate2=58304&cate3=58305&cate4=0&pcode=3212742&cmpnyc=EE128&safe_trade=4&fee_type=T&link_pcode=739109270&package=0&setpc=0,ASUS,201509,스마트워치,안드로이드OS,,,안드로이드OS,,,OLED,"4.1cm(1.6"")",320x320,,,,,,,,,,,○,,,,,,,,,,,,,,,,,,○,,,○,○,,,,,,,,,,,,,,,,,,,○,,,○,,,,,,,IP67,,밴드분리형,상세설명 / 판매 사이트 문의 인증번호 확인,상세설명 / 판매 사이트 문의 인증번호 확인
153,APPLE 워치 시리즈4 44mm 알루미늄 케이스,672600,http://prod.danawa.com/bridge/loadingBridge.html?cate1=224&cate2=58304&cate3=58305&cate4=0&pcode=6483667&cmpnyc=TH201&safe_trade=4&fee_type=T&link_pcode=2373397128&package=0&setpc=0,APPLE,201809,스마트워치,iOS(WatchOS),블루투스,v5.0,,v12.0 이상,사각형,OLED,,368x448,애플S4,듀얼(2)코어,,저장 : 16GB,○,○,,○,○,,○,○,,,,○,,○,○,○,,,○,,○,,,○,○,○,○,○,,○,○,○,,○,○,,○,,,,,,,,○,○,,,,,,○,,○,,평균사용:1일이하,36.7g,5ATM,전용시계줄,밴드분리형,상세설명 / 판매 사이트 문의 인증번호 확인,상세설명 / 판매 사이트 문의 인증번호 확인
154,Polar M430,419920,http://prod.danawa.com/bridge/loadingBridge.html?cate1=224&cate2=58304&cate3=58305&cate4=0&pcode=6918865&cmpnyc=EE128&safe_trade=4&fee_type=T&link_pcode=1495435622&package=0&setpc=0,Polar,201812,스마트워치,기타OS,,,,,사각형,,,128x128,,,,,,○,,○,○,,,,,,,,,,,,,,,,,,,,,○,,,,○,,,,,,○,,,,,,,,,,,,,,,,,,,240mAh,,51g,,,,상세설명 / 판매 사이트 문의 인증번호 확인,상세설명 / 판매 사이트 문의 인증번호 확인
155,zeblaze Crystal MTK2502,137000,http://prod.danawa.com/bridge/loadingBridge.html?cate1=224&cate2=58304&cate3=58305&cate4=0&pcode=3670623&cmpnyc=TH201&safe_trade=4&fee_type=T&link_pcode=1399925171&package=0&setpc=0,zeblaze,201512,스마트워치,,블루투스,,안드로이드OS,iOS,,IPS,"3.8cm(1.5"")",240x240,미디어텍 MT2502A,,,,,,,○,○,○,,○,,,,,,,,,,,,,,,,,○,○,,○,○,,,,,,,,,,,,○,,○,,,○,○,○,,○,○,,,,280mAh,평균사용:2일,47g,,,밴드분리형,상세설명 / 판매 사이트 문의 인증번호 확인,상세설명 / 판매 사이트 문의 인증번호 확인
156,핏빗 Versa,218990,http://prod.danawa.com/bridge/loadingBridge.html?cate1=224&cate2=58304&cate3=58305&cate4=0&pcode=6049021&cmpnyc=EE715&safe_trade=4&fee_type=T&link_pcode=B613662329&package=0&setpc=0,핏빗,201804,스마트워치,기타OS,블루투스,v4.0,v4.3 이상,v6.0 이상,사각형,,"3.3cm(1.3"")",,,,,,,,○,○,,,○,,,,,,,○,○,○,,,,,○,,,,○,○,○,○,○,,,,,,,,,,,,,,○,,,○,,,,,,○,,,,평균사용:4일,,,,밴드분리형,상세설명 / 판매 사이트 문의 인증번호 확인,상세설명 / 판매 사이트 문의 인증번호 확인
157,M7S,50360,http://prod.danawa.com/bridge/loadingBridge.html?cate1=224&cate2=58304&cate3=58305&cate4=0&pcode=5567305&cmpnyc=EE128&safe_trade=4&fee_type=T&link_pcode=1103759528&package=0&setpc=0,,201710,스마트워치,,블루투스,,안드로이드OS,iOS,원형,OLED,"2.43cm(0.96"")",,,,,,,,,○,○,○,,,,,,,,,,,,,,,,,,,○,○,○,,○,,,,,,,,,,,,○,,○,,,,,,,,,,,,90mAh,,,,,밴드분리형,상세설명 / 판매 사이트 문의 인증번호 확인,상세설명 / 판매 사이트 문의 인증번호 확인
158,APPLE 워치 시리즈5 에디션 40mm Cellular 스페이스 블랙 티타늄 케이스,1250000,http://prod.danawa.com/bridge/loadingBridge.html?cate1=224&cate2=58304&cate3=58305&cate4=0&pcode=9706734&cmpnyc=EE128&safe_trade=4&fee_type=T&link_pcode=1774849206&package=0&setpc=0,APPLE,201912,스마트워치,iOS(WatchOS),LTE+블루투스,v5.0,,,사각형,OLED,,324x394,애플S5,,,저장 : 32GB,○,○,○,○,○,,○,○,,,○,,,○,○,○,,,○,,,,,,○,○,○,○,,○,○,○,,○,○,○,○,,,○,,,,,,,,,,,○,,,○,,평균사용:1일이하,,5ATM,,밴드분리형,상세설명 / 판매 사이트 문의 인증번호 확인,상세설명 / 판매 사이트 문의 인증번호 확인
159,E02,47870,http://prod.danawa.com/bridge/loadingBridge.html?cate1=224&cate2=58304&cate3=58305&cate4=0&pcode=3793614&cmpnyc=ED910&safe_trade=4&fee_type=T&link_pcode=4084251101&package=0&setpc=0,,201602,스마트밴드,,블루투스,,안드로이드OS,iOS,사각형,,"2.5cm(1.0"")",,,,,,,,,,,○,,,,,,,,,,,,,,,,,,,○,○,○,○,○,,,,,,,,,,,,,,○,,,,,,,○,○,,,,,평균사용:5일,,,,,상세설명 / 판매 사이트 문의 인증번호 확인,상세설명 / 판매 사이트 문의 인증번호 확인
160,APPLE 워치 시리즈4 44mm Cellular 알루미늄 케이스,734540,http://prod.danawa.com/bridge/loadingBridge.html?cate1=224&cate2=58304&cate3=58305&cate4=0&pcode=6483686&cmpnyc=TH201&safe_trade=4&fee_type=T&link_pcode=2226120762&package=0&setpc=0,APPLE,201809,스마트워치,iOS(WatchOS),LTE+블루투스,v5.0,,v12.0 이상,사각형,OLED,,368x448,애플S4,듀얼(2)코어,,저장 : 16GB,○,○,,○,○,,○,○,,,,○,,○,○,○,,,○,,○,,,○,○,○,○,○,,○,○,○,,○,○,,○,,,,,,,,○,○,,,,,,○,,○,,평균사용:1일이하,36.7g,5ATM,전용시계줄,밴드분리형,상세설명 / 판매 사이트 문의 인증번호 확인,상세설명 / 판매 사이트 문의 인증번호 확인
161,삼성전자 기어S2,303590,http://prod.danawa.com/bridge/loadingBridge.html?cate1=224&cate2=58304&cate3=58305&cate4=0&pcode=3473239&cmpnyc=TH201&safe_trade=4&fee_type=T&link_pcode=1833545437&package=0&setpc=0,삼성전자,201510,스마트워치,타이젠OS,블루투스,,안드로이드OS,,원형,OLED,"3.0cm(1.2"")",360x360,,듀얼(2)코어,램 : 512MB,저장 : 4GB,○,,○,○,○,○,○,○,,,,,,,,,,,,,,,,,○,○,○,○,○,,,,,,,,,,,,○,,○,,,○,,○,,○,○,○,,,250mAh,평균사용:약 2일,47g,,전용시계줄,밴드분리형,상세설명 / 판매 사이트 문의 인증번호 확인,MSIP-CMM-SEC-SMR750 인증번호 확인
162,폴라 M400,222330,http://prod.danawa.com/bridge/loadingBridge.html?cate1=224&cate2=58304&cate3=58305&cate4=0&pcode=4371362&cmpnyc=ED910&safe_trade=4&fee_type=T&link_pcode=3778792380&package=0&setpc=0,폴라,201608,스마트워치,,블루투스,,안드로이드OS,iOS,사각형,,,128x128,,,,,,○,,,,○,,,,,,,,,,,,,,,,,,,○,○,○,○,○,,,,,,,,,,,,○,,○,,,,,,,○,○,,,,190mAh,,56.6g,,,밴드분리형,상세설명 / 판매 사이트 문의 인증번호 확인,상세설명 / 판매 사이트 문의 인증번호 확인
163,APPLE 워치 시리즈3 38mm Cellular 스테인리스 스틸 케이스,719928,http://prod.danawa.com/bridge/loadingBridge.html?cate1=224&cate2=58304&cate3=58305&cate4=0&pcode=6198850&cmpnyc=TN118&safe_trade=4&fee_type=T&link_pcode=1000028203738&package=0&setpc=0,APPLE,201806,스마트워치,iOS(WatchOS),LTE+블루투스,v4.2,,v12.0 이상,사각형,OLED,,340x272,애플S3,듀얼(2)코어,램 : 768MB,저장 : 16GB,○,○,○,○,○,○,○,○,,○,,,,○,○,○,,,,,○,,,○,○,○,○,○,○,,,,,,,,,,,,○,,○,,,○,○,○,,○,○,○,,,,평균사용:18시간,42.4g,,전용시계줄,밴드분리형,상세설명 / 판매 사이트 문의 인증번호 확인,상세설명 / 판매 사이트 문의 인증번호 확인
164,런타스틱 모멘트 클래식,164710,http://prod.danawa.com/bridge/loadingBridge.html?cate1=224&cate2=58304&cate3=58305&cate4=0&pcode=3952523&cmpnyc=ED910&safe_trade=4&fee_type=T&link_pcode=4847099472&package=0&setpc=0,런타스틱,201604,스마트워치,,블루투스,,안드로이드OS,iOS,,,"4.1cm(1.6"")",,,,,,,○,,,,○,,,,,,,,,,,,,,,,,,,○,○,○,○,○,,,,,,,,,,,,○,,○,,,,,,,○,○,,,,,평균사용:6개월,240g,,,,MSIP-CRM-KRi-DP166 인증번호 확인,상세설명 / 판매 사이트 문의 인증번호 확인
165,Epson 런센스 Wristable SF-850PB,412610,http://prod.danawa.com/bridge/loadingBridge.html?cate1=224&cate2=58304&cate3=58305&cate4=0&pcode=3874284&cmpnyc=EE128&safe_trade=4&fee_type=T&link_pcode=838479318&package=0&setpc=0,Epson,201603,스마트워치,,블루투스,,안드로이드OS,iOS,원형,LED,,128x64,,,,,,○,,○,,○,,,,,,,,,,,,,,,,,,,○,○,○,○,,,,,,,,,,,,,○,,,,,,,,,○,○,,,,,평균사용:20일,50g,,,,상세설명 / 판매 사이트 문의 인증번호 확인,상세설명 / 판매 사이트 문의 인증번호 확인
166,모토로라 모토 360,289000,http://prod.danawa.com/bridge/loadingBridge.html?cate1=224&cate2=58304&cate3=58305&cate4=0&pcode=2681103&cmpnyc=EE715&safe_trade=4&fee_type=T&link_pcode=B219289608&package=0&setpc=0,모토로라,201408,스마트워치,안드로이드OS,블루투스,,안드로이드OS,,원형,LCD,"3.8cm(1.5"")",320x320,,,램 : 512MB,저장 : 4GB,,○,,○,○,○,○,,,,,,,,,,,,,,,,,,○,○,○,○,,,,,,,,,,,,,○,,○,,,○,,○,,,○,,,,320mAh,평균사용:2일,49g,,표준 22mm 시계줄,밴드분리형,상세설명 / 판매 사이트 문의 인증번호 확인,상세설명 / 판매 사이트 문의 인증번호 확인
167,폴라 A360,335000,http://prod.danawa.com/bridge/loadingBridge.html?cate1=224&cate2=58304&cate3=58305&cate4=0&pcode=4583912&cmpnyc=EE715&safe_trade=4&fee_type=T&link_pcode=B304751097&package=0&setpc=0,폴라,201608,스마트밴드,,블루투스,,안드로이드OS,iOS,사각형,TFT,,160x80,,,,,,,,○,,○,,,,,,,,,,,,,,,,,,,○,○,○,○,○,,,,,,,,,,,,○,,○,,,○,○,○,,○,○,,,,100mAh,,31.7g,,,,상세설명 / 판매 사이트 문의 인증번호 확인,상세설명 / 판매 사이트 문의 인증번호 확인
168,Polar M600,736900,http://prod.danawa.com/bridge/loadingBridge.html?cate1=224&cate2=58304&cate3=58305&cate4=0&pcode=6339230&cmpnyc=TH201&safe_trade=4&fee_type=T&link_pcode=1765365526&package=0&setpc=0,Polar,201807,스마트워치,안드로이드OS,블루투스,,안드로이드OS,iOS,사각형,LCD,"3.3cm(1.3"")",240x240,미디어텍 MT2601,듀얼(2)코어,램 : 512MB,저장 : 4GB,○,○,,○,○,,○,,,,○,○,,,,,,,,,,,,,○,○,○,○,,○,,○,,,,,○,,,,,,,,,○,,○,,,,,,,500mAh,,,IPX8,,밴드일체형,상세설명 / 판매 사이트 문의 인증번호 확인,상세설명 / 판매 사이트 문의 인증번호 확인
169,폴라 V800,672000,http://prod.danawa.com/bridge/loadingBridge.html?cate1=224&cate2=58304&cate3=58305&cate4=0&pcode=4415654&cmpnyc=EE715&safe_trade=4&fee_type=T&link_pcode=B304750012&package=0&setpc=0,폴라,201609,스마트워치,,블루투스,,안드로이드OS,iOS,사각형,OLED,,128x128,,,,저장 : 8GB,,○,,,,○,,○,,,,,,,,,,,,,,,,,○,○,○,○,○,,,,,,,,,,,,○,,○,,,,,,,○,○,,,,350mAh,평균사용:2~3일,79g,,,,상세설명 / 판매 사이트 문의 인증번호 확인,상세설명 / 판매 사이트 문의 인증번호 확인
170,런타스틱 모멘트 엘리트,169600,http://prod.danawa.com/bridge/loadingBridge.html?cate1=224&cate2=58304&cate3=58305&cate4=0&pcode=3952473&cmpnyc=PO30C&safe_trade=4&fee_type=A&link_pcode=220301&package=0&setpc=0,런타스틱,201604,스마트워치,,블루투스,,안드로이드OS,iOS,,,"4.6cm(1.84"")",,,,,,,○,,,,○,,,,,,,,,,,,,,,,,,,○,○,○,○,○,,,,,,,,,,,,○,,○,,,,,,,○,○,,,,,평균사용:6개월,242g,,,,MSIP-CRM-KRi-DP166 인증번호 확인,상세설명 / 판매 사이트 문의 인증번호 확인
171,Epson 런센스 Wristable SF-310G,242100,http://prod.danawa.com/bridge/loadingBridge.html?cate1=224&cate2=58304&cate3=58305&cate4=0&pcode=3873512&cmpnyc=ED910&safe_trade=4&fee_type=T&link_pcode=3346827112&package=0&setpc=0,Epson,201603,스마트워치,윈도우OS,블루투스,,안드로이드OS,iOS,원형,LCD,,128x64,,,,,,○,,○,,,,○,,,,,,,,,,,,,,,,,○,○,○,○,,,,,,,,,,,,,○,,,,,,,,,○,○,,,,,평균사용:20일,50.3g,,,,상세설명 / 판매 사이트 문의 인증번호 확인,상세설명 / 판매 사이트 문의 인증번호 확인
172,APPLE 워치 스포츠 42mm,603000,http://prod.danawa.com/bridge/loadingBridge.html?cate1=224&cate2=58304&cate3=58305&cate4=0&pcode=3127568&cmpnyc=EE128&safe_trade=4&fee_type=T&link_pcode=681546358&package=0&setpc=0,APPLE,201504,스마트워치,iOS(WatchOS),블루투스,,,iOS,사각형,OLED,"4.2cm(1.7"")",390x312,애플S1,,램 : 256MB,저장 : 8GB,,,○,○,○,,○,,,○,,,,,,,,,,,,,,,○,,○,○,,,,,,,,,,,,,○,,○,,,○,○,○,,,○,○,,,200mAh,평균사용:18시간,,,전용시계줄,밴드분리형,상세설명 / 판매 사이트 문의 인증번호 확인,상세설명 / 판매 사이트 문의 인증번호 확인
173,SONY 라이브뷰 MN800,138000,http://prod.danawa.com/bridge/loadingBridge.html?cate1=224&cate2=58304&cate3=58305&cate4=0&pcode=2117616&cmpnyc=TH201&safe_trade=4&fee_type=T&link_pcode=566599449&package=0&setpc=0,SONY,201210,스마트워치,,블루투스,,안드로이드OS,,사각형,OLED,"3.3cm(1.3"")",,,,,,,,,,,,,,,,,,,,,,,,,,,,,,,,,,,,,,,,,,,,,,○,,○,,,○,,,,,○,,,,,평균사용:4일,15g,,,밴드분리형,상세설명 / 판매 사이트 문의 인증번호 확인,상세설명 / 판매 사이트 문의 인증번호 확인
174,N105,58440,http://prod.danawa.com/bridge/loadingBridge.html?cate1=224&cate2=58304&cate3=58305&cate4=0&pcode=8214637&cmpnyc=TQB02&safe_trade=4&fee_type=T&link_pcode=1454025274&package=0&setpc=0,,201906,,기타OS,블루투스,,안드로이드OS,iOS,원형,LCD,"2.67cm(1.05"")",128x128,,,램 : 32KB,저장 : 256KB,,○,,○,○,,,,,,,,,,,,,,,,,,,,○,,○,,,○,,,,,,,○,,,,,,○,,,,,,○,,○,,,,300mAh,,52g,IP68,,,상세설명 / 판매 사이트 문의 인증번호 확인,상세설명 / 판매 사이트 문의 인증번호 확인
175,H8 여성용 스마트워치,59900,http://prod.danawa.com/bridge/loadingBridge.html?cate1=224&cate2=58304&cate3=58305&cate4=0&pcode=6785857&cmpnyc=EE128&safe_trade=4&fee_type=T&link_pcode=1527043519&package=0&setpc=0,,201812,스마트워치,,블루투스,,안드로이드OS,iOS,사각형,IPS,"2.43cm(0.96"")",160x80,Nordic nRF52832,,램 : 64KB,저장 : 512KB,,,,,,,,,,,,,,,,,,,,,,,,,○,○,○,,○,,,,,,,,,,,,○,,○,,,,,,○,○,,,○,,120mAh,,43g,IP67,,,상세설명 / 판매 사이트 문의 인증번호 확인,상세설명 / 판매 사이트 문의 인증번호 확인
176,APPLE 워치 시리즈4 나이키+ 44mm 알루미늄 케이스,726690,http://prod.danawa.com/bridge/loadingBridge.html?cate1=224&cate2=58304&cate3=58305&cate4=0&pcode=6483495&cmpnyc=EE715&safe_trade=4&fee_type=T&link_pcode=B606016581&package=0&setpc=0,APPLE,201809,스마트워치,iOS(WatchOS),블루투스,v5.0,,v12.0 이상,사각형,OLED,,368x448,애플S4,듀얼(2)코어,,저장 : 16GB,○,○,,○,○,,○,○,,,,○,,○,○,○,,,○,,○,,,○,○,○,○,○,,○,○,○,,○,○,,○,,,,,,,,○,○,,,,,,○,,○,,평균사용:1일이하,36.7g,5ATM,전용시계줄,밴드분리형,상세설명 / 판매 사이트 문의 인증번호 확인,상세설명 / 판매 사이트 문의 인증번호 확인
177,코지토 COGITO FIT,124200,http://prod.danawa.com/bridge/loadingBridge.html?cate1=224&cate2=58304&cate3=58305&cate4=0&pcode=4217648&cmpnyc=ED910&safe_trade=4&fee_type=T&link_pcode=3973415157&package=0&setpc=0,코지토,201401,스마트워치,,블루투스,,,,원형,LED,,,,,,,,,,,,,,,,,,,,,,,,,,,,,,,,,,,,,,,,,,,,,,,○,,○,,,○,,,,○,○,,,,,평균사용:3개월이상,,,,밴드일체형,MSIP-CMM-HNO-CD003 인증번호 확인,상세설명 / 판매 사이트 문의 인증번호 확인
178,코지토 COGITO Classic,189000,http://prod.danawa.com/bridge/loadingBridge.html?cate1=224&cate2=58304&cate3=58305&cate4=0&pcode=3303522&cmpnyc=TMA01&safe_trade=4&fee_type=T&link_pcode=1602150429&package=0&setpc=0,코지토,201401,스마트워치,,블루투스,,안드로이드OS,iOS,원형,LED,,,,,,,,,,,,,,,,,,,,,,,,,,,,,,,,,,,,,,,,,,,,,,,,,○,,,○,,,,○,○,,,,,,,,,밴드일체형,MSIP-CMM_Hno-CD002 인증번호 확인,상세설명 / 판매 사이트 문의 인증번호 확인
179,"SONY 스마트워치, MN2",131950,http://prod.danawa.com/bridge/loadingBridge.html?cate1=224&cate2=58304&cate3=58305&cate4=0&pcode=1977870&cmpnyc=ED910&safe_trade=4&fee_type=T&link_pcode=2881636647&package=0&setpc=0,SONY,201210,스마트워치,,블루투스,,,,,OLED,"3.3cm(1.3"")",128x128,,,,,,○,,,,,,,,,,,,,,,,,,,,,,,,,,,,,,,,,,,,,,,○,,○,,,○,,,,,○,,,,,평균사용:1~7일,15.5g,,,밴드분리형,상세설명 / 판매 사이트 문의 인증번호 확인,상세설명 / 판매 사이트 문의 인증번호 확인
180,삼성전자 기어S 3G,일시 품절,,삼성전자,201411,스마트워치,타이젠OS,블루투스,,,,,OLED,"5cm(2.0"")",360x480,,,,,○,○,,○,○,,○,○,,,,,,,,,,,,,,,,,,,,,,,,,,,,,,,,,,,○,,,○,,,,,○,,,,,평균사용:1~6일(300mAh),,,전용시계줄,밴드분리형,상세설명 / 판매 사이트 문의 인증번호 확인,MSIP-CMM-SEC-SMR750 인증번호 확인
181,lemfo LES2,139790,http://prod.danawa.com/bridge/loadingBridge.html?cate1=224&cate2=58304&cate3=58305&cate4=0&pcode=6331847&cmpnyc=TQB02&safe_trade=4&fee_type=T&link_pcode=1469987534&package=0&setpc=0,lemfo,201807,스마트워치,안드로이드OS,블루투스,,안드로이드OS,iOS,원형,IPS,"3.3cm(1.3"")",360x360,미디어텍 MT6580,쿼드(4)코어,램 : 1GB,저장 : 16GB,○,○,,○,,,,,,,,,,,,,,,,,,,,,,○,,,,○,,,,,,,,,,,,,○,,,,,,,,,,○,○,450mAh,,90g,,,밴드일체형,상세설명 / 판매 사이트 문의 인증번호 확인,상세설명 / 판매 사이트 문의 인증번호 확인
182,페블 스마트워치,117030,http://prod.danawa.com/bridge/loadingBridge.html?cate1=224&cate2=58304&cate3=58305&cate4=0&pcode=2152985&cmpnyc=EE715&safe_trade=4&fee_type=T&link_pcode=B243637354&package=0&setpc=0,페블,201307,스마트워치,페블OS,블루투스,,안드로이드OS,iOS,,e-ink,"3.0cm(1.2"")",168x144,,,,,,,,,○,,,,,,,,,,,,,,,,,,,,,,,,,,,,,,,,,,,,○,,○,,,○,,,,,○,,,,,평균사용:5~7일,,,,밴드분리형,상세설명 / 판매 사이트 문의 인증번호 확인,상세설명 / 판매 사이트 문의 인증번호 확인
183,APPLE 워치 스포츠 38mm,653380,http://prod.danawa.com/bridge/loadingBridge.html?cate1=224&cate2=58304&cate3=58305&cate4=0&pcode=3127559&cmpnyc=ED910&safe_trade=4&fee_type=T&link_pcode=3942179505&package=0&setpc=0,APPLE,201504,스마트워치,iOS(WatchOS),블루투스,,,iOS,사각형,OLED,"3.8cm(1.5"")",340x272,애플S1,,램 : 256MB,저장 : 8GB,,,○,○,○,,○,,,○,,,,,,,,,,,,,,,○,,○,○,,,,,,,,,,,,,○,,○,,,○,○,○,,,○,○,,,200mAh,평균사용:18시간,,,전용시계줄,밴드분리형,상세설명 / 판매 사이트 문의 인증번호 확인,상세설명 / 판매 사이트 문의 인증번호 확인
184,Withings 액티비티 팝,209000,http://prod.danawa.com/bridge/loadingBridge.html?cate1=224&cate2=58304&cate3=58305&cate4=0&pcode=4414056&cmpnyc=TH201&safe_trade=4&fee_type=T&link_pcode=1466854100&package=0&setpc=0,Withings,201609,스마트워치,,블루투스,,안드로이드OS,iOS,원형,,,,,,,,,,,,,○,,,,,,,,,,,,,,,,,,,○,○,○,○,○,,,,,,,,,,,,○,,○,,,,,,,○,○,,,,,평균사용:8개월이상,,,,,상세설명 / 판매 사이트 문의 인증번호 확인,상세설명 / 판매 사이트 문의 인증번호 확인
185,Epson 런센스 Wristable SF-810B,369600,http://prod.danawa.com/bridge/loadingBridge.html?cate1=224&cate2=58304&cate3=58305&cate4=0&pcode=3873781&cmpnyc=ED910&safe_trade=4&fee_type=T&link_pcode=3346825957&package=0&setpc=0,Epson,201603,스마트워치,,블루투스,,안드로이드OS,iOS,원형,LED,,128x64,,,,,,○,,○,,○,,○,,,,,,,,,,,,,,,,,○,○,○,○,,,,,,,,,,,,,○,,,,,,,,,○,○,,,,,평균사용:20일,52g,,,,상세설명 / 판매 사이트 문의 인증번호 확인,상세설명 / 판매 사이트 문의 인증번호 확인
186,"APPLE 워치 42mm, 해외구매",1215000,http://prod.danawa.com/bridge/loadingBridge.html?cate1=224&cate2=58304&cate3=58305&cate4=0&pcode=3250735&cmpnyc=EE715&safe_trade=4&fee_type=T&link_pcode=B304990807&package=0&setpc=0,APPLE,201504,스마트워치,iOS(WatchOS),블루투스,,,iOS,사각형,OLED,"4.2cm(1.7"")",390x312,애플S1,,램 : 256MB,저장 : 8GB,,,○,○,○,,○,,,○,,,,,,,,,,,,,,,○,,○,○,,,,,,,,,,,,,○,,○,,,○,○,○,,,○,○,,,200mAh,평균사용:18시간,,,전용시계줄,밴드분리형,상세설명 / 판매 사이트 문의 인증번호 확인,상세설명 / 판매 사이트 문의 인증번호 확인
187,King-Wear GV68,147000,http://prod.danawa.com/bridge/loadingBridge.html?cate1=224&cate2=58304&cate3=58305&cate4=0&pcode=6447913&cmpnyc=TH201&safe_trade=4&fee_type=T&link_pcode=2179843394&package=0&setpc=0,King-Wear,201809,스마트워치,기타OS,블루투스,,안드로이드OS,iOS,사각형,,,,,,,,,,,○,,,,,,,,,,,,,,,,,,,,,○,○,○,,○,○,,,,,,,,,,,,,,,,○,,,○,○,,,,,,,,IP68,,밴드분리형,상세설명 / 판매 사이트 문의 인증번호 확인,상세설명 / 판매 사이트 문의 인증번호 확인
188,iMacwear Sparta M7,152000,http://prod.danawa.com/bridge/loadingBridge.html?cate1=224&cate2=58304&cate3=58305&cate4=0&pcode=4602788&cmpnyc=TH201&safe_trade=4&fee_type=T&link_pcode=1377134448&package=0&setpc=0,,201610,스마트워치,안드로이드OS,블루투스,,안드로이드OS,iOS,사각형,IPS,"3.8cm(1.5"")",240x240,미디어텍 MT6572,듀얼(2)코어,램 : 512MB,저장 : 4GB,,,,,,○,,,,,,,,,,,,,,,,,,,○,○,,○,○,,,,,,,,,,,,○,,○,,,,○,○,○,○,○,,,,600mAh,평균사용:3일,118g,,,,상세설명 / 판매 사이트 문의 인증번호 확인,상세설명 / 판매 사이트 문의 인증번호 확인
189,삼성전자 기어S2 3G,650000,http://prod.danawa.com/bridge/loadingBridge.html?cate1=224&cate2=58304&cate3=58305&cate4=0&pcode=3403633&cmpnyc=TH201&safe_trade=4&fee_type=T&link_pcode=1387894271&package=0&setpc=0,삼성전자,201511,스마트워치,타이젠OS,블루투스,,안드로이드OS,,원형,OLED,"3.0cm(1.2"")",360x360,퀄컴 스냅드래곤400,듀얼(2)코어,램 : 512MB,저장 : 4GB,○,○,○,○,○,○,○,○,,,,,,,,,,,,,,,,,○,○,○,○,○,,,,,,,,,,,,○,,○,,,○,○,○,,○,○,○,,,300mAh,평균사용:약 2일,51g,,전용시계줄,밴드분리형,상세설명 / 판매 사이트 문의 인증번호 확인,MSIP-CMM-SEC-SMR750 인증번호 확인
190,U Watch U9,107210,http://prod.danawa.com/bridge/loadingBridge.html?cate1=224&cate2=58304&cate3=58305&cate4=0&pcode=3097301&cmpnyc=ED910&safe_trade=4&fee_type=T&link_pcode=4084381788&package=0&setpc=0,U,201504,스마트워치,,블루투스,,안드로이드OS,,사각형,LCD,"2.5cm(1.0"")",,,,램 : 128MB,저장 : 64MB,○,,,,,○,○,,,,,,,,,,,,,,,,,,○,○,○,○,,,,,,,,,,,,,○,,○,,,,,,,,○,,,,,평균사용:1일이하,29g,,,밴드분리형,상세설명 / 판매 사이트 문의 인증번호 확인,상세설명 / 판매 사이트 문의 인증번호 확인
191,나이키 나이키+ 스포츠워치 GPS (WM0072-077),479000,http://prod.danawa.com/bridge/loadingBridge.html?cate1=224&cate2=58304&cate3=58305&cate4=0&pcode=2432388&cmpnyc=TH201&safe_trade=4&fee_type=T&link_pcode=349745392&package=0&setpc=0,나이키,201401,스마트워치,,,,,,사각형,LCD,,,,,,,,○,,,,,,,,,,,,,,,,,,,,,,,,○,○,○,,,,,,,,,,,,,,,,,,,,,,,○,,,,,평균사용:러닝기록시 최대 9시간,66g,,,밴드일체형,상세설명 / 판매 사이트 문의 인증번호 확인,상세설명 / 판매 사이트 문의 인증번호 확인
192,샤오미 화미 어메이즈핏 GTR Lite 47mm,일시 품절,,샤오미,202001,스마트워치,기타OS,블루투스,,안드로이드OS,iOS,원형,AMOLED,"3.53cm(1.39"")",454x454,,,,,,,,,,,,,,,○,,,○,○,○,○,,,,○,,,,,,,,,,,,,,,,○,,,,,○,,○,,○,,,,○,○,,○,,,평균사용:15~30일,,5ATM,,,상세설명 / 판매 사이트 문의 인증번호 확인,상세설명 / 판매 사이트 문의 인증번호 확인
193,삼성전자 갤럭시 워치 액티브2 40mm 언더아머 에디션,일시 품절,,삼성전자,201911,스마트워치,타이젠OS,블루투스,v5.0,v5.0 이상,v9.0 이상,원형,SAMOLED,"3.0cm(1.2"")",360x360,삼성 엑시노스9110,듀얼(2)코어,램 : 768MB,저장 : 4GB,○,○,○,○,○,○,○,○,,,,,,○,○,○,,○,,,○,,,,○,,,,○,○,○,,,,,,,,,,,,,,,,○,○,,,○,,,○,247mAh,,26g,5ATM,표준 20mm 시계줄,밴드분리형,상세설명 / 판매 사이트 문의 인증번호 확인,상세설명 / 판매 사이트 문의 인증번호 확인
194,APPLE 워치 시리즈4 나이키+ 40mm Cellular 알루미늄 케이스,일시 품절,,APPLE,201809,스마트워치,iOS(WatchOS),LTE+블루투스,v5.0,,v12.0 이상,사각형,OLED,,324x394,애플S4,듀얼(2)코어,,저장 : 16GB,○,○,,○,○,,○,○,,,,○,,○,○,○,,,○,,○,,,○,○,○,○,○,,○,○,○,,○,○,,○,,,,,,,,○,○,,,,,,○,,○,,평균사용:1일이하,30.1g,5ATM,전용시계줄,밴드분리형,상세설명 / 판매 사이트 문의 인증번호 확인,상세설명 / 판매 사이트 문의 인증번호 확인
195,APPLE 워치 시리즈4 40mm Cellular 알루미늄 케이스,일시 품절,,APPLE,201809,스마트워치,iOS(WatchOS),LTE+블루투스,v5.0,,v12.0 이상,사각형,OLED,,324x394,애플S4,듀얼(2)코어,,저장 : 16GB,○,○,,○,○,,○,○,,,,○,,○,○,○,,,○,,○,,,○,○,○,○,○,,○,○,○,,○,○,,○,,,,,,,,○,○,,,,,,○,,○,,평균사용:1일이하,30.1g,5ATM,전용시계줄,밴드분리형,상세설명 / 판매 사이트 문의 인증번호 확인,상세설명 / 판매 사이트 문의 인증번호 확인
196,APPLE 워치 시리즈4 나이키+ 44mm Cellular 알루미늄 케이스,일시 품절,,APPLE,201809,스마트워치,iOS(WatchOS),LTE+블루투스,v5.0,,v12.0 이상,사각형,OLED,,368x448,애플S4,듀얼(2)코어,,저장 : 16GB,○,○,,○,○,,○,○,,,,○,,○,○,○,,,○,,○,,,○,○,○,○,○,,○,○,○,,○,○,,○,,,,,,,,○,○,,,,,,○,,○,,평균사용:1일이하,36.7g,5ATM,전용시계줄,밴드분리형,상세설명 / 판매 사이트 문의 인증번호 확인,상세설명 / 판매 사이트 문의 인증번호 확인
197,"삼성전자 갤럭시 워치 42mm LTE, SKT",일시 품절,,삼성전자,201808,스마트워치,타이젠OS,LTE+블루투스,v4.2,v5.0 이상,v9.0 이상,원형,SAMOLED,"3.0cm(1.2"")",360x360,삼성 엑시노스9110,듀얼(2)코어,램 : 1.5GB,저장 : 4GB,○,○,○,○,○,,○,○,,,,○,,○,○,○,○,○,,,,,,,○,○,○,○,○,○,,○,,○,○,,○,,,,,,,,○,○,○,,,,,,,○,270mAh,평균사용:1일~2일,49g,5ATM,표준 20mm 시계줄,밴드분리형,R-CMM-SEC-SMR815N 인증번호 확인,상세설명 / 판매 사이트 문의 인증번호 확인
198,APPLE 워치 시리즈3 나이키+ 42mm 알루미늄 케이스,일시 품절,,APPLE,201712,스마트워치,iOS(WatchOS),블루투스,v4.2,,v12.0 이상,사각형,OLED,,390x312,애플S3,듀얼(2)코어,램 : 768MB,저장 : 8GB,○,○,○,○,○,○,○,○,,○,,,,○,○,○,,,,,○,,,○,○,○,○,○,○,,,,,,,,,,,,○,,○,,,○,○,○,,○,○,○,,,,평균사용:18시간,32.3g,,전용시계줄,밴드분리형,MSIP-CRI-APL-A1859 인증번호 확인,상세설명 / 판매 사이트 문의 인증번호 확인
199,APPLE 워치 시리즈3 나이키+ 38mm 알루미늄 케이스,일시 품절,,APPLE,201709,스마트워치,iOS(WatchOS),블루투스,v4.2,,v12.0 이상,사각형,OLED,,340x272,애플S3,듀얼(2)코어,램 : 768MB,저장 : 8GB,○,○,○,○,○,○,○,○,,○,,,,○,○,○,,,,,○,,,○,○,○,○,○,○,,,,,,,,,,,,○,,○,,,○,○,○,,○,○,○,,,,평균사용:18시간,26.7g,,전용시계줄,밴드분리형,MSIP-CRI-APL-A1858 인증번호 확인,상세설명 / 판매 사이트 문의 인증번호 확인
200,유니콘 SH-700T,일시 품절,,유니콘,201611,스마트워치,,블루투스,,안드로이드OS,iOS,사각형,LCD,,,,,,,,,,,,,,,,,,,,,,,,,,,,,,,○,○,,○,○,,,,,,,,,,,,○,,○,,,○,○,○,,○,,,,,,,40g,,,밴드일체형,MSIP-CRM-Sjn-BTE008 인증번호 확인,상세설명 / 판매 사이트 문의 인증번호 확인
