제품명,최저가,사이트주소,제조회사,등록년월,분류,운영체제,인프라,블루투스버전,안드로이드OS,iOS,모양,패널종류,화면크기,해상도,모바일AP,코어갯수,시스템램,내장메모리,WiFi,GPS,NFC,심박센서,가속도센서,만보기센서,자이로센서,기압센서,자외선센서,3D터치센서,나침반센서,조도센서,모션센서,걷기,달리기,자전거타기,일립티컬,로잉머신,등산,승마,수영,스키,골프,요가,보행수,이동거리,칼로리,활동시간,수면정보,심박측정,심전도,운동량,체온,고도,페이스,속도,날씨,체지방,혈압체크,여성 건강 모니터링,진동,메세지알림,SNS알림,전화알림,통화가능,음악콘트롤,스피커,마이크,카메라촬영,분실방지,생활방수,전자결제,알람시계,전용앱지원,배터리용량,사용시간,무게(본체),방수/방진,시계줄넓이,형태,적합성평가인증,안전확인인증
IWOWN I5 Plus 스마트밴드,25800,http://prod.danawa.com/bridge/loadingBridge.html?cate1=224&cate2=58304&cate3=58306&cate4=0&pcode=3897138&cmpnyc=TH201&safe_trade=4&fee_type=T&link_pcode=1435964422&package=0&setpc=0,IWOWN,201603,스마트밴드,기타OS,블루투스,,안드로이드OS,iOS,사각형,OLED,"2.32cm(0.91"")",128x32,,,,,,,,,,○,,,,,,,,,,,,,,,,,,,○,○,○,○,○,,,○,,,,,,,,,○,,○,,,,,,○,○,,,,○,75mAh,평균사용:5~7일,,IP65,,,상세설명 / 판매 사이트 문의 인증번호 확인,상세설명 / 판매 사이트 문의 인증번호 확인
샤오미 미 밴드4,26939,http://prod.danawa.com/bridge/loadingBridge.html?cate1=224&cate2=58304&cate3=58306&cate4=0&pcode=9301353&cmpnyc=TN729&safe_trade=4&fee_type=T&link_pcode=347963855_347963855&package=0&setpc=0,샤오미,201908,스마트밴드,기타OS,블루투스,v5.0,v4.4 이상,v9.0 이상,사각형,AMOLED,"2.41cm(0.95"")",240x120,,,램 : 512KB,저장 : 16MB,,,,○,○,,○,,,,,,,○,○,○,,,,,○,,,,○,○,○,○,○,○,,○,,,○,○,○,,,,,,,,,○,,,,,,,○,○,135mAh,평균사용:20일,22.1g,5ATM,표준 18mm 시계줄,밴드분리형,상세설명 / 판매 사이트 문의 인증번호 확인,상세설명 / 판매 사이트 문의 인증번호 확인
삼성전자 갤럭시 핏e,35630,http://prod.danawa.com/bridge/loadingBridge.html?cate1=224&cate2=58304&cate3=58306&cate4=0&pcode=7300351&cmpnyc=TH201&safe_trade=4&fee_type=T&link_pcode=2759211562&package=0&setpc=0,삼성전자,201905,스마트밴드,리얼타임OS,블루투스,v5.0,v5.0 이상,v9.0 이상,사각형,PMOLED,"1.88cm(0.74"")",128x64,,,램 : 128KB,,,,,○,○,,,,,,,,,○,○,,,,,,,,,,○,,○,○,○,○,,,,,,,,,,,○,,,,,,,,,,○,,,○,70mAh,평균사용:6일~7일,15g,5ATM,,밴드일체형,R-C-SEC-SMR375 인증번호 확인,상세설명 / 판매 사이트 문의 인증번호 확인
삼성전자 갤럭시 핏,103490,http://prod.danawa.com/bridge/loadingBridge.html?cate1=224&cate2=58304&cate3=58306&cate4=0&pcode=7300264&cmpnyc=EE715&safe_trade=4&fee_type=T&link_pcode=B737910009&package=0&setpc=0,삼성전자,201905,스마트밴드,리얼타임OS,블루투스,v5.0,v5.0 이상,v10.0 이상,사각형,AMOLED,"2.41cm(0.95"")",240x120,,,램 : 2MB,저장 : 32MB,,,○,○,○,,○,,,,,,,○,○,○,○,○,○,,○,,,,○,,○,○,○,○,,,,,,,,,,,○,,,,,,,,,,○,,,○,120mAh,평균사용:7일~8일,23g,5ATM,,밴드일체형,R-C-SEC-SMR370 인증번호 확인,상세설명 / 판매 사이트 문의 인증번호 확인
화웨이 밴드 4,29000,http://prod.danawa.com/bridge/loadingBridge.html?cate1=224&cate2=58304&cate3=58306&cate4=0&pcode=9860460&cmpnyc=TH201&safe_trade=4&fee_type=T&link_pcode=2603866165&package=0&setpc=0,화웨이,201911,스마트밴드,기타OS,블루투스,v4.2,v4.4 이상,v9.0 이상,사각형,,"2.43cm(0.96"")",160x80,,,램 : 384KB,저장 : 1MB,,,,,,,,,,,,,,○,○,○,○,○,,,○,,,,○,○,○,○,○,○,,,,,,○,,,,,,○,,,,,,,,,○,,,,91mAh,평균사용:1일~7일,24g,5ATM,,,상세설명 / 판매 사이트 문의 인증번호 확인,상세설명 / 판매 사이트 문의 인증번호 확인
샤오미 미 밴드3,22420,http://prod.danawa.com/bridge/loadingBridge.html?cate1=224&cate2=58304&cate3=58306&cate4=0&pcode=6231709&cmpnyc=EE128&safe_trade=4&fee_type=T&link_pcode=1551098490&package=0&setpc=0,샤오미,201806,스마트밴드,,블루투스,v4.2,v4.4 이상,v9.0 이상,사각형,OLED,"1.98cm(0.78"")",128x80,,,,,,,,○,○,,,,,,,,,○,○,○,,,,,,,,,○,○,○,○,○,○,,○,,,,,○,,,,,,○,,,,,,,,,,,○,110mAh,,약20g,5ATM,,밴드분리형,R-CRI-Ym8-XMSH05HM 인증번호 확인,상세설명 / 판매 사이트 문의 인증번호 확인
핏빗 Charge 4,203670,http://prod.danawa.com/bridge/loadingBridge.html?cate1=224&cate2=58304&cate3=58306&cate4=0&pcode=10972815&cmpnyc=TN920&safe_trade=4&fee_type=T&link_pcode=3412316446&package=0&setpc=0,핏빗,202004,스마트밴드,기타OS,블루투스,v4.0,v7.0 이상,v7.0 이상,사각형,,,,,,,,,○,○,○,○,,,,,,,,,○,○,○,,,,,○,,,,○,○,○,,○,○,,○,,,,,,,,○,,○,,○,,,,,,,○,○,,○,,평균사용:최대 7일,,5ATM,,,R-C-XRA-FB417 인증번호 확인,상세설명 / 판매 사이트 문의 인증번호 확인
Razer NABU Live,364510,http://prod.danawa.com/bridge/loadingBridge.html?cate1=224&cate2=58304&cate3=58306&cate4=0&pcode=3714857&cmpnyc=TH201&safe_trade=4&fee_type=T&link_pcode=1431393187&package=0&setpc=0,Razer,201601,스마트밴드,기타OS,블루투스,,안드로이드OS,iOS,사각형,OLED,,,,,,,,,,,○,,,,,,,,,,,,,,,,,,,,○,○,○,,,,,○,,,,,,,,,○,,○,,,,,,,,○,,,,,평균사용:5~7일,,,,밴드일체형,MSIP-CRM-RAZ-RZ15-0129 인증번호 확인,상세설명 / 판매 사이트 문의 인증번호 확인
핏빗 Charge 4 SE,219110,http://prod.danawa.com/bridge/loadingBridge.html?cate1=224&cate2=58304&cate3=58306&cate4=0&pcode=10973037&cmpnyc=EE128&safe_trade=4&fee_type=T&link_pcode=1805951432&package=0&setpc=0,핏빗,202004,스마트밴드,기타OS,블루투스,v4.0,v7.0 이상,v7.0 이상,사각형,,,,,,,,,○,○,○,○,,,,,,,,,○,○,○,,,,,○,,,,○,○,○,,○,○,,○,,,,,,,,○,,○,,○,,,,,,,○,○,,○,,평균사용:최대 7일,,5ATM,,,R-C-XRA-FB417 인증번호 확인,상세설명 / 판매 사이트 문의 인증번호 확인
퓨전FNC VPULSE Fit-Coach Go+,30820,http://prod.danawa.com/bridge/loadingBridge.html?cate1=224&cate2=58304&cate3=58306&cate4=0&pcode=10375104&cmpnyc=EE715&safe_trade=4&fee_type=T&link_pcode=B793400903&package=0&setpc=0,퓨전FNC,202001,스마트밴드,기타OS,블루투스,,v4.4 이상,v8.0 이상,,IPS,,,,,,,,○,,○,,○,,,,,,,,○,○,○,,,,,,,,,○,○,○,○,○,○,,,,,,,○,,,,○,○,○,○,,○,,,,○,○,,,○,82mAh,평균사용:4일~7일,15g,,,,R-C-FNC-FITCOACH-PLUS 인증번호 확인,ZU10701-17002 인증번호 확인
파트론 URBAN Pro,59900,http://prod.danawa.com/bridge/loadingBridge.html?cate1=224&cate2=58304&cate3=58306&cate4=0&pcode=10669497&cmpnyc=ED909&safe_trade=4&fee_type=T&link_pcode=62531062&package=0&setpc=0,파트론,202002,스마트밴드,기타OS,블루투스,v4.0,v4.4 이상,v9.0 이상,사각형,OLED,,,,,,,,,,○,○,,,,,,,,,,,,,,,,,,,,○,○,,○,○,○,,,,,,,,,,,,○,○,○,,,,,,,○,,,○,80mAh,평균사용:7일,17g,3ATM,,,R-CRI-Ptr-DWB-200 인증번호 확인,상세설명 / 판매 사이트 문의 인증번호 확인
파트론 URBAN S Plus,51000,http://prod.danawa.com/bridge/loadingBridge.html?cate1=224&cate2=58304&cate3=58306&cate4=0&pcode=5326267&cmpnyc=EE715&safe_trade=4&fee_type=T&link_pcode=B814618469&package=0&setpc=0,파트론,201711,스마트밴드,기타OS,블루투스,v4.0,v4.4 이상,v9.0 이상,사각형,OLED,,,,,,,,,,,○,,,○,,,,,,○,○,○,,,○,,,,,,○,○,,○,○,○,,○,,○,,○,,,,,○,,○,,,,,,,,○,,,,80mAh,평균사용:7일,17g,IPX8,,밴드분리형,MSIP-CRM-Ptr-PWB-250 인증번호 확인,상세설명 / 판매 사이트 문의 인증번호 확인
샤오미 미 밴드4 어벤져스 에디션,59800,http://prod.danawa.com/bridge/loadingBridge.html?cate1=224&cate2=58304&cate3=58306&cate4=0&pcode=8492511&cmpnyc=TH201&safe_trade=4&fee_type=T&link_pcode=2613239687&package=0&setpc=0,샤오미,201907,스마트밴드,기타OS,블루투스,v5.0,v4.4 이상,v9.0 이상,사각형,AMOLED,"2.41cm(0.95"")",240x120,,,램 : 512KB,저장 : 16MB,,,,○,○,,○,,,,,,,○,○,○,,,,,○,,,,○,○,○,○,○,○,,○,,,○,○,○,,,,,,,,,○,,,,,,,○,○,135mAh,평균사용:20일,22.1g,5ATM,표준 18mm 시계줄,밴드분리형,상세설명 / 판매 사이트 문의 인증번호 확인,상세설명 / 판매 사이트 문의 인증번호 확인
샤오미 미 밴드4 NFC,46800,http://prod.danawa.com/bridge/loadingBridge.html?cate1=224&cate2=58304&cate3=58306&cate4=0&pcode=8134807&cmpnyc=EE128&safe_trade=4&fee_type=T&link_pcode=1648667725&package=0&setpc=0,샤오미,201906,스마트밴드,기타OS,블루투스,v5.0,v4.4 이상,v9.0 이상,사각형,AMOLED,"2.41cm(0.95"")",240x120,,,램 : 512KB,저장 : 16MB,,,○,○,○,,○,,,,,,,○,○,○,,,,,○,,,,○,○,○,○,○,○,,○,,,○,○,○,,,,,,,,,○,,,,,,,○,○,125mAh,평균사용:15일,22.2g,5ATM,표준 18mm 시계줄,밴드분리형,상세설명 / 판매 사이트 문의 인증번호 확인,상세설명 / 판매 사이트 문의 인증번호 확인
핏빗 Inspire HR,110670,http://prod.danawa.com/bridge/loadingBridge.html?cate1=224&cate2=58304&cate3=58306&cate4=0&pcode=7399036&cmpnyc=ED910&safe_trade=4&fee_type=T&link_pcode=6637466423&package=0&setpc=0,핏빗,201903,스마트밴드,기타OS,블루투스,v4.0,v4.3 이상,v9.0 이상,사각형,OLED,,,,,,,,,○,○,○,,○,,,,,,,○,○,○,,,○,,,,,○,○,○,○,,○,○,,,,○,,,,,,○,○,,○,,,,,,,,○,,○,○,,평균사용:5일,,5ATM,,밴드분리형,R-C-XRA-FB413 인증번호 확인,YU10453-18009 인증번호 확인
샤오미 미 밴드2,124030,http://prod.danawa.com/bridge/loadingBridge.html?cate1=224&cate2=58304&cate3=58306&cate4=0&pcode=4112119&cmpnyc=EE128&safe_trade=4&fee_type=T&link_pcode=836001058&package=0&setpc=0,샤오미,201606,스마트밴드,기타OS,블루투스,v4.0,v4.4 이상,v7.0 이상,사각형,OLED,"1.07cm(0.42"")",,,,,,,,,○,○,,○,,,,,,,○,,,,,,,,,,,○,○,○,○,○,○,,○,,,○,○,,,,,○,,○,,,,,,,○,,,,○,70mAh,평균사용:20일,7g,IP67,,밴드분리형,MSIP-CRI-kMt-XMSH04HM 인증번호 확인,상세설명 / 판매 사이트 문의 인증번호 확인
샤오미 미 밴드 1A,16650,http://prod.danawa.com/bridge/loadingBridge.html?cate1=224&cate2=58304&cate3=58306&cate4=0&pcode=3415233&cmpnyc=TN920&safe_trade=4&fee_type=T&link_pcode=490557754&package=0&setpc=0,샤오미,201509,스마트밴드,,블루투스,,안드로이드OS,iOS,,,,,,,,,,,,,,○,,,,,,,,,,,,,,,,,,,○,○,○,,○,,,○,,,,,,,,,○,,○,,,,,,,,,,,○,45mAh,평균사용:30일,,IP67,,밴드분리형,MSIP-CRI-1ho-XMSH03HM 인증번호 확인,상세설명 / 판매 사이트 문의 인증번호 확인
파트론 크로이스.R URBAN-S,42900,http://prod.danawa.com/bridge/loadingBridge.html?cate1=224&cate2=58304&cate3=58306&cate4=0&pcode=4546024&cmpnyc=EE128&safe_trade=4&fee_type=T&link_pcode=859723604&package=0&setpc=0,파트론,201610,스마트밴드,기타OS,블루투스,,안드로이드OS,iOS,사각형,,,,,,,,,,,,○,,○,○,,,,,,,,,,,,,,,,,○,○,○,,,○,,○,○,○,,,,,,,○,,○,,,,,,,,,,,○,80mAh,평균사용:7일,17g,IPX8,,밴드분리형,상세설명 / 판매 사이트 문의 인증번호 확인,상세설명 / 판매 사이트 문의 인증번호 확인
화웨이 밴드 3 프로,67520,http://prod.danawa.com/bridge/loadingBridge.html?cate1=224&cate2=58304&cate3=58306&cate4=0&pcode=7039135&cmpnyc=TH201&safe_trade=4&fee_type=T&link_pcode=2837228756&package=0&setpc=0,화웨이,201901,스마트밴드,기타OS,블루투스,v4.2,안드로이드OS,iOS,사각형,AMOLED,"2.41cm(0.95"")",240x120,,,램 : 384KB,저장 : 1MB,,○,,○,○,,,,,,,,,○,○,○,,,,,○,,,,○,○,○,,○,○,,,,,,,,,,,,,,,,,,,○,,○,,,○,100mAh,,25g,5ATM,,,상세설명 / 판매 사이트 문의 인증번호 확인,상세설명 / 판매 사이트 문의 인증번호 확인
샤오미 어메이즈핏 Cor2,56340,http://prod.danawa.com/bridge/loadingBridge.html?cate1=224&cate2=58304&cate3=58306&cate4=0&pcode=8071141&cmpnyc=ED910&safe_trade=4&fee_type=T&link_pcode=6818789500&package=0&setpc=0,샤오미,201905,스마트밴드,기타OS,블루투스,v4.2,v4.4 이상,v9.0 이상,사각형,IPS,"3.12cm(1.23"")",,,,,,,,○,,○,,,,,,,,,○,○,○,,,,,,,,,○,○,○,,○,,,,,,,,○,,,,,,,,,,,,,,○,,,,160mAh,평균사용:20일,32g,5ATM,,,상세설명 / 판매 사이트 문의 인증번호 확인,상세설명 / 판매 사이트 문의 인증번호 확인
삼성전자 기어 핏2 프로 Large,311190,http://prod.danawa.com/bridge/loadingBridge.html?cate1=224&cate2=58304&cate3=58306&cate4=0&pcode=5491899&cmpnyc=TP402&safe_trade=4&fee_type=T&link_pcode=580665535&package=0&setpc=0,삼성전자,201709,스마트밴드,타이젠OS,블루투스,,안드로이드OS,,사각형,SAMOLED,"3.8cm(1.5"")",432x216,,,램 : 512MB,저장 : 4GB,○,○,,,○,,○,○,,,,,,,,,,,,,,,,,○,○,○,○,○,○,,○,,,○,,,,,,○,,○,,,○,,,,○,○,,,○,200mAh,평균사용:최대 5일,34g,5ATM,,밴드분리형,MSIP-CMM-SEC-SMR365 인증번호 확인,상세설명 / 판매 사이트 문의 인증번호 확인
작콤테크놀로지 Timer2 스마트링,23890,http://prod.danawa.com/bridge/loadingBridge.html?cate1=224&cate2=58304&cate3=58306&cate4=0&pcode=3469962&cmpnyc=EE128&safe_trade=4&fee_type=T&link_pcode=803826512&package=0&setpc=0,작콤테크놀로지,201510,스마트반지,,,,안드로이드OS,,,,,,,,,,,,○,,,,,,,,,,,,,,,,,,,,,,,,,,,,,,,,,,,,,,,,,,,,,,,,,,,○,,,,,,,상세설명 / 판매 사이트 문의 인증번호 확인,상세설명 / 판매 사이트 문의 인증번호 확인
핏빗 Inspire,102950,http://prod.danawa.com/bridge/loadingBridge.html?cate1=224&cate2=58304&cate3=58306&cate4=0&pcode=7399108&cmpnyc=TP40F&safe_trade=4&fee_type=T&link_pcode=I596479374&package=0&setpc=0,핏빗,201903,스마트밴드,기타OS,블루투스,v4.0,v4.3 이상,v9.0 이상,사각형,OLED,,,,,,,,,○,,○,,○,,,,,,,○,○,○,,,,,○,,,,○,○,○,,○,,,,,○,,,,,,○,○,,○,,,,,,,,○,,○,,,평균사용:5일,,5ATM,,밴드분리형,R-C-XRA-FB412 인증번호 확인,YU10453-18008 인증번호 확인
핏빗 Ace 2,98540,http://prod.danawa.com/bridge/loadingBridge.html?cate1=224&cate2=58304&cate3=58306&cate4=0&pcode=8371539&cmpnyc=TH201&safe_trade=4&fee_type=T&link_pcode=2697683732&package=0&setpc=0,핏빗,201906,스마트밴드,기타OS,블루투스,v4.0,v4.3 이상,v10.6 이상,사각형,OLED,,,,,,,,,,,○,,,,,,,,,○,,,,,,,,,,,○,,,○,○,,,,,,,,,,,,,,,,,,,,,,○,,○,○,,평균사용:5일,,5ATM,,밴드분리형,상세설명 / 판매 사이트 문의 인증번호 확인,상세설명 / 판매 사이트 문의 인증번호 확인
sincom 메탈가죽 스마트밴드,20000,http://prod.danawa.com/bridge/loadingBridge.html?cate1=224&cate2=58304&cate3=58306&cate4=0&pcode=4719665&cmpnyc=TH201&safe_trade=4&fee_type=T&link_pcode=1590591597&package=0&setpc=0,sincom,201612,스마트밴드,기타OS,블루투스,,안드로이드OS,iOS,원형,,,,,,,,,,○,,,,○,,,,,,,,,,,,,,,,,,○,○,,,○,,,○,,,,,,,,,○,,○,,,,,,,,○,,,○,,평균사용:3개월,,,,밴드분리형,MSIP-CRM-Zxt-Inmetal 인증번호 확인,상세설명 / 판매 사이트 문의 인증번호 확인
파트론 URBAN Cash,59900,http://prod.danawa.com/bridge/loadingBridge.html?cate1=224&cate2=58304&cate3=58306&cate4=0&pcode=6565612&cmpnyc=ED909&safe_trade=4&fee_type=T&link_pcode=62530437&package=0&setpc=0,파트론,201811,스마트밴드,기타OS,블루투스,,안드로이드OS,iOS,사각형,OLED,,,,,,,,,,○,○,,,○,,,,,,,,,,,,,,,,,○,○,○,○,○,○,,,,○,,○,,,,,,,○,,,,,,,,,,,,80mAh,평균사용:7일,17g,IPX8,,,KCR-CRM-Ptr-PWB-260 인증번호 확인,상세설명 / 판매 사이트 문의 인증번호 확인
삼성전자 기어 핏2 프로 Small,311190,http://prod.danawa.com/bridge/loadingBridge.html?cate1=224&cate2=58304&cate3=58306&cate4=0&pcode=5491900&cmpnyc=TP402&safe_trade=4&fee_type=T&link_pcode=580665535&package=0&setpc=0,삼성전자,201709,스마트밴드,타이젠OS,블루투스,,안드로이드OS,,사각형,SAMOLED,"3.8cm(1.5"")",432x216,,,램 : 512MB,저장 : 4GB,○,○,,,○,,○,○,,,,,,,,,,,,,,,,,○,○,○,○,○,○,,○,,,○,,,,,,○,,○,,,○,,,,○,○,,,○,200mAh,평균사용:최대 5일,34g,5ATM,,밴드분리형,MSIP-CMM-SEC-SMR365 인증번호 확인,상세설명 / 판매 사이트 문의 인증번호 확인
핏빗 Charge HR,93790,http://prod.danawa.com/bridge/loadingBridge.html?cate1=224&cate2=58304&cate3=58306&cate4=0&pcode=3205067&cmpnyc=TP40F&safe_trade=4&fee_type=T&link_pcode=I4577078&package=0&setpc=0,핏빗,201505,스마트밴드,기타OS,블루투스,,안드로이드OS,iOS,사각형,OLED,,,,,,,,○,,,○,,,○,,,,,,,,,,,,,,,,,○,○,○,○,○,○,,○,,○,,○,,,,,○,,○,,,,,,,,○,,,○,,평균사용:5일,,,,밴드일체형,상세설명 / 판매 사이트 문의 인증번호 확인,상세설명 / 판매 사이트 문의 인증번호 확인
lemfo LT04,69100,http://prod.danawa.com/bridge/loadingBridge.html?cate1=224&cate2=58304&cate3=58306&cate4=0&pcode=10383774&cmpnyc=TN729&safe_trade=4&fee_type=T&link_pcode=431615272_431615272&package=0&setpc=0,lemfo,202001,스마트밴드,기타OS,블루투스,v5.0,안드로이드OS,iOS,,TFT,"2.43cm(0.96"")",160x80,,,,,,,,○,,,,,,,,,,○,○,○,,,,,○,,,,○,○,○,,○,○,,,,,,,,,○,,,○,○,○,,○,,,,,○,,○,,160mAh,평균사용:1일~7일,,IP67,,,상세설명 / 판매 사이트 문의 인증번호 확인,상세설명 / 판매 사이트 문의 인증번호 확인
코아 I5 Plus 스마트밴드,29900,http://prod.danawa.com/bridge/loadingBridge.html?cate1=224&cate2=58304&cate3=58306&cate4=0&pcode=4011648&cmpnyc=TN729&safe_trade=4&fee_type=T&link_pcode=100118800_100118800&package=0&setpc=0,코아,201603,스마트밴드,기타OS,블루투스,,안드로이드OS,iOS,사각형,OLED,"2.32cm(0.91"")",,,,,,,,,,,○,,,,,,,,,,,,,,,,,,,○,○,○,○,○,,,○,,,,,,,,,○,,○,,,,,,○,○,○,,,○,75mAh,평균사용:5~7일,,IP67,,밴드분리형,상세설명 / 판매 사이트 문의 인증번호 확인,상세설명 / 판매 사이트 문의 인증번호 확인
파슬 미스핏 레이,118950,http://prod.danawa.com/bridge/loadingBridge.html?cate1=224&cate2=58304&cate3=58306&cate4=0&pcode=4482751&cmpnyc=EE715&safe_trade=4&fee_type=T&link_pcode=B345726387&package=0&setpc=0,파슬,201609,스마트밴드,기타OS,,,안드로이드OS,iOS,,,,,,,,,,,,,,○,,,,,,,,,,,,,,,,,,,○,○,,○,○,,,○,,,○,,,,,,○,,,,,,,,,○,○,,,,,,,5ATM,,밴드분리형,상세설명 / 판매 사이트 문의 인증번호 확인,상세설명 / 판매 사이트 문의 인증번호 확인
코아 CKC V2,50220,http://prod.danawa.com/bridge/loadingBridge.html?cate1=224&cate2=58304&cate3=58306&cate4=0&pcode=6530584&cmpnyc=TJ418&safe_trade=4&fee_type=T&link_pcode=0005822697&package=0&setpc=0,코아,201810,스마트밴드,,블루투스,v4.2,안드로이드OS,iOS,사각형,TFT,"2.43cm(0.96"")",,,,,,,,,○,,,,,,,,○,,○,○,○,,,,,,,,,,○,○,○,○,○,,,,,,,○,,,,,,○,,,,,,,,,,○,○,,,31g,IP67,,밴드분리형,R-coa-CKCV2 인증번호 확인,상세설명 / 판매 사이트 문의 인증번호 확인
Rundi QW16,13630,http://prod.danawa.com/bridge/loadingBridge.html?cate1=224&cate2=58304&cate3=58306&cate4=0&pcode=8186665&cmpnyc=TH201&safe_trade=4&fee_type=T&link_pcode=2422237278&package=0&setpc=0,,201906,스마트밴드,기타OS,블루투스,,,,사각형,LCD,"2.43cm(0.96"")",,,,,,,,,○,,,,,,,,,,○,○,○,,,○,,,,,,○,○,○,○,○,○,,,,,,,,,○,,,,○,,,,,,○,,○,,,○,90mAh,,,IP67,,,상세설명 / 판매 사이트 문의 인증번호 확인,상세설명 / 판매 사이트 문의 인증번호 확인
핏빗 Charge 3,138970,http://prod.danawa.com/bridge/loadingBridge.html?cate1=224&cate2=58304&cate3=58306&cate4=0&pcode=6397760&cmpnyc=TP90D&safe_trade=4&fee_type=T&link_pcode=40A0802551&package=0&setpc=0,핏빗,201808,스마트밴드,기타OS,블루투스,v4.0,v4.3 이상,v9.0 이상,사각형,OLED,,,,,,,,,,○,○,,○,,,,,,,○,○,○,○,,,,○,,,○,○,○,○,,○,○,,○,,○,,,○,,,,,,○,,,,,,,,,,,○,,평균사용:최대 7일,,5ATM,,,R-CRM-XRA-FB410 인증번호 확인,YU10298-18010 인증번호 확인
아비람 S2,34870,http://prod.danawa.com/bridge/loadingBridge.html?cate1=224&cate2=58304&cate3=58306&cate4=0&pcode=4886755&cmpnyc=TH201&safe_trade=4&fee_type=T&link_pcode=1735341748&package=0&setpc=0,아비람,201702,스마트밴드,기타OS,블루투스,v4.0,v4.3 이상,v7.0 이상,사각형,OLED,,,,,,,,○,,○,,,○,,,,,,,○,,,,,,,,,,,○,○,○,○,○,○,,○,,,,,,,,,○,,○,,,○,,,○,○,○,,,○,,평균사용:14일,,IP67,,,MSIP-CRI-abr-S2 인증번호 확인,상세설명 / 판매 사이트 문의 인증번호 확인
삼성전자 기어 핏,202540,http://prod.danawa.com/bridge/loadingBridge.html?cate1=224&cate2=58304&cate3=58306&cate4=0&pcode=2479165&cmpnyc=TH201&safe_trade=4&fee_type=T&link_pcode=1036953388&package=0&setpc=0,삼성전자,201402,스마트밴드,타이젠OS,블루투스,,안드로이드OS,,사각형,SAMOLED,,432x128,,,,,,,,○,○,,○,,,,,,,,,,,,,,,,,,○,○,○,○,○,○,,,,,,,,,,,○,,○,,,○,,,,○,,,,,210mAh,평균사용:3~4일,27g,IP67,,밴드분리형,상세설명 / 판매 사이트 문의 인증번호 확인,상세설명 / 판매 사이트 문의 인증번호 확인
vidonn X6,48600,http://prod.danawa.com/bridge/loadingBridge.html?cate1=224&cate2=58304&cate3=58306&cate4=0&pcode=3442701&cmpnyc=EE715&safe_trade=4&fee_type=T&link_pcode=B287377034&package=0&setpc=0,vidonn,201509,스마트밴드,기타OS,블루투스,,안드로이드OS,iOS,사각형,OLED,,128x64,,,,,,,,,,○,,,,,,,,,,,,,,,,,,,○,○,○,,○,,,,,,,,,,,,,,○,,○,,,,,,,,,,75mAh,평균사용:대기 15일,,,,밴드분리형,상세설명 / 판매 사이트 문의 인증번호 확인,상세설명 / 판매 사이트 문의 인증번호 확인
Britz 브리츠액세서리즈 BA-SW5 Light,26880,http://prod.danawa.com/bridge/loadingBridge.html?cate1=224&cate2=58304&cate3=58306&cate4=0&pcode=6431492&cmpnyc=TN920&safe_trade=4&fee_type=T&link_pcode=911611626&package=0&setpc=0,Britz,201808,스마트밴드,기타OS,블루투스,,안드로이드OS,,사각형,OLED,,,,,,,,,,○,,,,,,,,,,,,,,,,,,,,,○,○,○,,○,○,,,,,,,,,,,○,,○,,,,,,,,○,,,○,55mAh,평균사용:약 3일,15g,,,밴드분리형,MSIP-CMI-BZI-BA-SW5 인증번호 확인,XU101026-17001 인증번호 확인
샤오미 화미 어메이즈핏 문빔,160990,http://prod.danawa.com/bridge/loadingBridge.html?cate1=224&cate2=58304&cate3=58306&cate4=0&pcode=4005508&cmpnyc=ED910&safe_trade=4&fee_type=T&link_pcode=3988534878&package=0&setpc=0,샤오미,201604,스마트밴드,기타OS,블루투스,,안드로이드OS,iOS,원형,,,,,,,,,,,,,○,,,,,,,,,,,,,,,,,,,○,○,,○,○,,,,,,,,,,,,○,,○,,,,,,,,,,,○,,평균사용:10일,,IP67,,밴드일체형,msip-cri-1ho-a1501 인증번호 확인,상세설명 / 판매 사이트 문의 인증번호 확인
M30,22310,http://prod.danawa.com/bridge/loadingBridge.html?cate1=224&cate2=58304&cate3=58306&cate4=0&pcode=6450593&cmpnyc=TQB02&safe_trade=4&fee_type=T&link_pcode=1488849583&package=0&setpc=0,,201809,스마트밴드,기타OS,블루투스,,안드로이드OS,iOS,사각형,TFT,"2.43cm(0.96"")",,,,,,,,,○,,,,,,,,,,,,,,,,,,,,,○,○,○,,○,○,,,,,,,○,,○,,,,○,,,,,,○,,,,,○,90mAh,,24g,IP67,,,상세설명 / 판매 사이트 문의 인증번호 확인,상세설명 / 판매 사이트 문의 인증번호 확인
코아 CK HR,32850,http://prod.danawa.com/bridge/loadingBridge.html?cate1=224&cate2=58304&cate3=58306&cate4=0&pcode=5066881&cmpnyc=TJ418&safe_trade=4&fee_type=T&link_pcode=0005822694&package=0&setpc=0,코아,201704,스마트밴드,기타OS,블루투스,v4.0,v4.4 이상,v8.0 이상,사각형,OLED,"2.43cm(0.96"")",,,,,,,,,,,,○,,,,,,,,,,,,,,,,,,○,○,○,○,○,○,,○,,,,,○,,,,○,,○,,,,,,○,○,○,,,○,75mAh,,,IP67,,밴드분리형,MSIP-CMM-coa-COACKHR 인증번호 확인,상세설명 / 판매 사이트 문의 인증번호 확인
코아 CK7,43900,http://prod.danawa.com/bridge/loadingBridge.html?cate1=224&cate2=58304&cate3=58306&cate4=0&pcode=4542938&cmpnyc=EE715&safe_trade=4&fee_type=T&link_pcode=B297598757&package=0&setpc=0,코아,201610,스마트밴드,기타OS,블루투스,,안드로이드OS,iOS,사각형,,"2.43cm(0.96"")",,,,,,,,,,,,○,,,,,,,,,,,,,,,,,,○,○,○,○,○,,,○,,,,,,,,,○,,○,,,,,,○,○,○,,,,75mAh,평균사용:5~7일,,IP67,,밴드분리형,상세설명 / 판매 사이트 문의 인증번호 확인,상세설명 / 판매 사이트 문의 인증번호 확인
아비람 A4 COLOR,42180,http://prod.danawa.com/bridge/loadingBridge.html?cate1=224&cate2=58304&cate3=58306&cate4=0&pcode=6247273&cmpnyc=TH201&safe_trade=4&fee_type=T&link_pcode=2073842303&package=0&setpc=0,아비람,201806,스마트밴드,기타OS,블루투스,,안드로이드OS,iOS,사각형,IPS,"2.43cm(0.96"")",,,,,,,,,○,,,,,,,,,,,,,,,,,,,,,,,,,○,○,,,,,,,,,,,,,○,,,,,,,,,,○,○,,평균사용:7일,20g,IP67,,,R-CRI-abr-A4COLOR 인증번호 확인,XU100318-17002A 인증번호 확인
화웨이 아너밴드 4,38610,http://prod.danawa.com/bridge/loadingBridge.html?cate1=224&cate2=58304&cate3=58306&cate4=0&pcode=7256728&cmpnyc=EE128&safe_trade=4&fee_type=T&link_pcode=1574404279&package=0&setpc=0,화웨이,201902,스마트밴드,기타OS,블루투스,,안드로이드OS,iOS,사각형,AMOLED,"2.41cm(0.95"")",,,,,,,,,○,○,,,,,,,,,○,○,○,,,,,○,,,,○,○,○,,○,○,,,,,,,,,,,,,,,,,,,○,○,○,,,○,100mAh,,130g,,,,상세설명 / 판매 사이트 문의 인증번호 확인,상세설명 / 판매 사이트 문의 인증번호 확인
인바디 인바디밴드2,169000,http://prod.danawa.com/bridge/loadingBridge.html?cate1=224&cate2=58304&cate3=58306&cate4=0&pcode=5189410&cmpnyc=EE715&safe_trade=4&fee_type=T&link_pcode=B729547462&package=0&setpc=0,인바디,201705,스마트밴드,기타OS,블루투스,,v5.0 이상,v8.0 이상,사각형,,,,,,,,,,,○,,,,,,,,,,○,,,,,,,,,,,○,○,○,○,○,○,,○,,,,,,○,,,○,,○,,,,,,,,○,,,○,,평균사용:14일,,IP68,,밴드분리형,상세설명 / 판매 사이트 문의 인증번호 확인,상세설명 / 판매 사이트 문의 인증번호 확인
Nintendo 포켓몬 GO 플러스,53790,http://prod.danawa.com/bridge/loadingBridge.html?cate1=224&cate2=58304&cate3=58306&cate4=0&pcode=4290456&cmpnyc=EE715&safe_trade=4&fee_type=T&link_pcode=B427605852&package=0&setpc=0,Nintendo,201609,스마트밴드,,,,안드로이드OS,iOS,,,,,,,,,,,,,,,,,,,,,,,,,,,,,,,,,,,,,,,,,,,,,,,,,,,,,,,,,,,,,,,,,,,,밴드분리형,상세설명 / 판매 사이트 문의 인증번호 확인,상세설명 / 판매 사이트 문의 인증번호 확인
코아 CKS COLOR,53900,http://prod.danawa.com/bridge/loadingBridge.html?cate1=224&cate2=58304&cate3=58306&cate4=0&pcode=6545632&cmpnyc=EE128&safe_trade=4&fee_type=T&link_pcode=1249176213&package=0&setpc=0,코아,201810,스마트밴드,기타OS,블루투스,,안드로이드OS,iOS,사각형,TFT,"2.43cm(0.96"")",,,,,,,,,○,,,,,,,,,,,,,,,,,,,,,○,○,○,○,○,○,,,,,,,,,,,,,○,,,,,,,,,,,○,,평균사용:7일,20g,IP67,,,상세설명 / 판매 사이트 문의 인증번호 확인,상세설명 / 판매 사이트 문의 인증번호 확인
Garmin 비보스포츠,188300,http://prod.danawa.com/bridge/loadingBridge.html?cate1=224&cate2=58304&cate3=58306&cate4=0&pcode=6252538&cmpnyc=TP40F&safe_trade=4&fee_type=T&link_pcode=I238753503&package=0&setpc=0,Garmin,201806,스마트밴드,기타OS,블루투스,,안드로이드OS,iOS,사각형,,,144x72,,,,,,○,,○,○,,,○,,,,,,,,,,,,,,,,,○,○,○,,○,○,,○,,,,,○,,,,○,,,,,○,,,,○,,,○,○,,평균사용:최대 7일,24.1~27g,지원,,밴드일체형,MSIP-CMM-GRm-vivosport 인증번호 확인,상세설명 / 판매 사이트 문의 인증번호 확인
샤오미 미 밴드 1S,35610,http://prod.danawa.com/bridge/loadingBridge.html?cate1=224&cate2=58304&cate3=58306&cate4=0&pcode=3555709&cmpnyc=EE128&safe_trade=4&fee_type=T&link_pcode=774896844&package=0&setpc=0,샤오미,201511,스마트밴드,기타OS,블루투스,,안드로이드OS,iOS,,,,,,,,,,,,,,,○,,,,,,,,,,,,,,,,,,○,○,○,○,○,○,,○,,,○,○,,,,,○,,○,,,,,,,○,,,,○,45mAh,평균사용:10일,,IP67,,밴드분리형,상세설명 / 판매 사이트 문의 인증번호 확인,상세설명 / 판매 사이트 문의 인증번호 확인
Diggro 스마트 웨스트 밴드,16370,http://prod.danawa.com/bridge/loadingBridge.html?cate1=224&cate2=58304&cate3=58306&cate4=0&pcode=6198031&cmpnyc=TQB02&safe_trade=4&fee_type=T&link_pcode=1417198846&package=0&setpc=0,Diggro,201806,스마트밴드,기타OS,블루투스,,안드로이드OS,iOS,사각형,,,,,,,,,,,,,,,,,,,,,,,,,,,,,,,,,,,,,,,,,,,,,,,,,,,,,,,,,,,,,,,,,,,,상세설명 / 판매 사이트 문의 인증번호 확인,상세설명 / 판매 사이트 문의 인증번호 확인
신우전자 PE-775,49540,http://prod.danawa.com/bridge/loadingBridge.html?cate1=224&cate2=58304&cate3=58306&cate4=0&pcode=4019022&cmpnyc=EE128&safe_trade=4&fee_type=T&link_pcode=1364166354&package=0&setpc=0,신우전자,201605,스마트밴드,기타OS,블루투스,,안드로이드OS,iOS,사각형,,,,,,,,,○,,,,,,,,,,,,,,,,,,,,,,,○,○,○,○,○,,,○,,,,,,,,,○,,,,,,,,,○,○,,,○,,,,,,밴드일체형,MSIP-CRM-Sw4-PE-770 인증번호 확인,상세설명 / 판매 사이트 문의 인증번호 확인
샤오미 화미 어메이즈핏 이큐레이터,162360,http://prod.danawa.com/bridge/loadingBridge.html?cate1=224&cate2=58304&cate3=58306&cate4=0&pcode=4005517&cmpnyc=ED910&safe_trade=4&fee_type=T&link_pcode=4084381780&package=0&setpc=0,샤오미,201604,스마트밴드,기타OS,블루투스,,안드로이드OS,iOS,원형,,,,,,,,,,,,,○,,,,,,,,,,,,,,,,,,,○,○,,○,○,,,,,,,,,,,,○,,○,,,,,,,,,,,,,평균사용:10일,,IP68,,밴드일체형,msip-cri-1ho-a1501 인증번호 확인,상세설명 / 판매 사이트 문의 인증번호 확인
헬스원 헤라핏 플러스,96000,http://prod.danawa.com/bridge/loadingBridge.html?cate1=224&cate2=58304&cate3=58306&cate4=0&pcode=6139417&cmpnyc=TH201&safe_trade=4&fee_type=T&link_pcode=2043337280&package=0&setpc=0,헬스원,201805,스마트워치,기타OS,블루투스,,안드로이드OS,iOS,,OLED,"2.03cm(0.80"")",,,,,,,,,○,,,,,,,,,,,,,,,,,,,,,○,○,○,○,○,○,,,,,,,,,,,,,○,,,○,,,○,,,,○,○,80mAh,평균사용:7일~15일,23g,IPX7,,,상세설명 / 판매 사이트 문의 인증번호 확인,상세설명 / 판매 사이트 문의 인증번호 확인
Chuangzaozhe W5,34770,http://prod.danawa.com/bridge/loadingBridge.html?cate1=224&cate2=58304&cate3=58306&cate4=0&pcode=4129311&cmpnyc=ED910&safe_trade=4&fee_type=T&link_pcode=3988528504&package=0&setpc=0,Chuangzaozhe,201606,스마트밴드,,블루투스,,안드로이드OS,iOS,,LED,,,,,,,,,,,,○,,,,,,,,,,,,,,,,,,,○,○,,,○,,,○,,,,,○,,,,,,,,,,,,,,,,,,,,18g,,,,상세설명 / 판매 사이트 문의 인증번호 확인,상세설명 / 판매 사이트 문의 인증번호 확인
Withings 위딩스 펄스,119860,http://prod.danawa.com/bridge/loadingBridge.html?cate1=224&cate2=58304&cate3=58306&cate4=0&pcode=2432503&cmpnyc=ED910&safe_trade=4&fee_type=T&link_pcode=2672326911&package=0&setpc=0,Withings,201401,스마트밴드,기타OS,블루투스,,안드로이드OS,iOS,사각형,OLED,,128x32,,,,,,○,,,,,,,,,,,,,,,,,,,,,,,○,○,○,,,○,,○,,○,,,,,,,,,,,,,,,,,○,,,○,,평균사용:14일,8g,,,클립형,상세설명 / 판매 사이트 문의 인증번호 확인,상세설명 / 판매 사이트 문의 인증번호 확인
Diggro DB-07,18700,http://prod.danawa.com/bridge/loadingBridge.html?cate1=224&cate2=58304&cate3=58306&cate4=0&pcode=6171137&cmpnyc=TQB02&safe_trade=4&fee_type=T&link_pcode=1416236990&package=0&setpc=0,Diggro,201805,스마트밴드,기타OS,블루투스,,안드로이드OS,iOS,사각형,,"2.43cm(0.96"")",160x80,Dialog 14585,,,,,,,○,,,,,,,,,,,,,,,,,,,,,○,,○,,○,○,,,,,,,,,,,,,○,,,,,,,,,,○,○,90mAh,평균사용:7일~9일,87g,IP67,,밴드일체형,상세설명 / 판매 사이트 문의 인증번호 확인,상세설명 / 판매 사이트 문의 인증번호 확인
Garmin 비보핏 피트니스 밴드,71170,http://prod.danawa.com/bridge/loadingBridge.html?cate1=224&cate2=58304&cate3=58306&cate4=0&pcode=4204970&cmpnyc=ED910&safe_trade=4&fee_type=T&link_pcode=4214609157&package=0&setpc=0,Garmin,201407,스마트밴드,기타OS,블루투스,,안드로이드OS,,사각형,,,,,,,,,,,,,○,,,,,,,,,,,,,,,,,,,○,○,○,○,○,,,○,,,,,○,,,,,,,,,,,,,○,○,,,○,,평균사용:1년,,5ATM,,밴드분리형,상세설명 / 판매 사이트 문의 인증번호 확인,상세설명 / 판매 사이트 문의 인증번호 확인
핏빗 Flex 2,112960,http://prod.danawa.com/bridge/loadingBridge.html?cate1=224&cate2=58304&cate3=58306&cate4=0&pcode=4459580&cmpnyc=TH201&safe_trade=4&fee_type=T&link_pcode=1820578173&package=0&setpc=0,핏빗,201609,스마트밴드,기타OS,블루투스,,안드로이드OS,iOS,사각형,LED,,,,,,,,○,,,○,,,,,,,,,,,,,,,,,,,,○,○,○,○,○,○,,○,,,,,,,,,○,,○,,,,,,,○,○,,,○,,평균사용:5일,,5ATM,,밴드분리형,MSIP-CMM-XRA-FB403 인증번호 확인,상세설명 / 판매 사이트 문의 인증번호 확인
C1S,24310,http://prod.danawa.com/bridge/loadingBridge.html?cate1=224&cate2=58304&cate3=58306&cate4=0&pcode=6373472&cmpnyc=TQB02&safe_trade=4&fee_type=T&link_pcode=1473585494&package=0&setpc=0,,201808,스마트밴드,기타OS,블루투스,,안드로이드OS,iOS,사각형,,,,,,,,,,,○,,,,,,,,,,,,,,,,,,,,,○,○,○,○,,○,,○,,,,,,,○,,,,○,,,○,,,○,,,,,○,,,,IP67,,,상세설명 / 판매 사이트 문의 인증번호 확인,상세설명 / 판매 사이트 문의 인증번호 확인
레노버 HX06,22170,http://prod.danawa.com/bridge/loadingBridge.html?cate1=224&cate2=58304&cate3=58306&cate4=0&pcode=6415118&cmpnyc=EE715&safe_trade=4&fee_type=T&link_pcode=B568324368&package=0&setpc=0,레노버,201808,스마트밴드,기타OS,블루투스,,안드로이드OS,iOS,사각형,OLED,"2.21cm(0.87"")",,,,,,,,,,,,,,,,,,,,,,,,,,,,,,○,○,○,,○,,,○,,,,,,,,,,,○,,,,,,,,,,○,○,60mAh,,,IP67,,밴드일체형,상세설명 / 판매 사이트 문의 인증번호 확인,상세설명 / 판매 사이트 문의 인증번호 확인
Garmin 비보스마트4,198000,http://prod.danawa.com/bridge/loadingBridge.html?cate1=224&cate2=58304&cate3=58306&cate4=0&pcode=6488387&cmpnyc=TN118&safe_trade=4&fee_type=T&link_pcode=1000030447392&package=0&setpc=0,Garmin,201809,스마트밴드,기타OS,블루투스,v4.0,v4.3 이상,v7.0 이상,사각형,OLED,,,,,,,,,,○,,,,,,,,,,○,○,,○,,,,○,,,○,○,○,○,,○,○,,○,,,,,○,,,,,,,,,○,,,○,,,,,○,,,,5ATM,,,상세설명 / 판매 사이트 문의 인증번호 확인,상세설명 / 판매 사이트 문의 인증번호 확인
파트론 크로이스.E 어반 밴드,84640,http://prod.danawa.com/bridge/loadingBridge.html?cate1=224&cate2=58304&cate3=58306&cate4=0&pcode=3488019&cmpnyc=TH201&safe_trade=4&fee_type=T&link_pcode=1895713620&package=0&setpc=0,파트론,201510,스마트밴드,기타OS,블루투스,,안드로이드OS,iOS,사각형,PMOLED,"2.32cm(0.91"")",128x36,,,,,,,,,○,,○,○,,,,,,,,,,,,,,,,,○,○,○,○,○,○,,○,○,○,,○,,,,,,,○,,,,,,,,,,,○,,"평균사용:대기 3일, Extreme모드 12시간",,,,밴드분리형,상세설명 / 판매 사이트 문의 인증번호 확인,상세설명 / 판매 사이트 문의 인증번호 확인
ID130,20900,http://prod.danawa.com/bridge/loadingBridge.html?cate1=224&cate2=58304&cate3=58306&cate4=0&pcode=6271255&cmpnyc=EE128&safe_trade=4&fee_type=T&link_pcode=1458406821&package=0&setpc=0,,201807,스마트밴드,윈도우OS,블루투스,,안드로이드OS,iOS,사각형,OLED,"2.21cm(0.87"")",128x32,Nordic nRF51802,,,,,,,,,,,,,,,,,,,,,,,,,,,,○,○,○,,○,○,,○,,,○,,,,,,,,○,,,,,,○,,,,,○,45mAh,,39g,IP67,,밴드분리형,상세설명 / 판매 사이트 문의 인증번호 확인,상세설명 / 판매 사이트 문의 인증번호 확인
화웨이 B29 GPS,125460,http://prod.danawa.com/bridge/loadingBridge.html?cate1=224&cate2=58304&cate3=58306&cate4=0&pcode=6258906&cmpnyc=EE715&safe_trade=4&fee_type=T&link_pcode=B547440728&package=0&setpc=0,화웨이,201806,스마트밴드,기타OS,블루투스,,안드로이드OS,iOS,사각형,LED,"2.32cm(0.91"")",128x32,,,,,,○,,○,○,,,,,,,,,,,,,,,,,,,,,,,○,○,○,,,,,,,,,,,,,○,,,,,,,,,,○,○,100mAh,평균사용:21일,21g,5ATM,,,상세설명 / 판매 사이트 문의 인증번호 확인,상세설명 / 판매 사이트 문의 인증번호 확인
V07S,26090,http://prod.danawa.com/bridge/loadingBridge.html?cate1=224&cate2=58304&cate3=58306&cate4=0&pcode=6473314&cmpnyc=TQB02&safe_trade=4&fee_type=T&link_pcode=1493943586&package=0&setpc=0,,201809,스마트밴드,기타OS,블루투스,,안드로이드OS,iOS,사각형,OLED,"2.21cm(0.87"")",,,,램 : 32KB,저장 : 256KB,,,,,○,,,,,,,,,,,,,,,,,,,,○,○,○,,○,,,,,,,,,,,,,,○,,,,,,○,○,,,,○,70mAh,,19.5g,IP67,,밴드분리형,상세설명 / 판매 사이트 문의 인증번호 확인,상세설명 / 판매 사이트 문의 인증번호 확인
화웨이 토크밴드 B3 라이트,155100,http://prod.danawa.com/bridge/loadingBridge.html?cate1=224&cate2=58304&cate3=58306&cate4=0&pcode=7002850&cmpnyc=EE715&safe_trade=4&fee_type=T&link_pcode=B544656408&package=0&setpc=0,화웨이,201901,스마트밴드,,블루투스,,안드로이드OS,iOS,사각형,OLED,"2.32cm(0.91"")",,,,,,,,,,,,,,,,,,,,,,,,,,,,,,○,○,○,,○,,,,,,,,,,,,○,,,,○,,,,,,○,,○,○,91mAh,평균사용:3.5일,30g,IP57,,밴드분리형,상세설명 / 판매 사이트 문의 인증번호 확인,상세설명 / 판매 사이트 문의 인증번호 확인
UP9 Pro,24780,http://prod.danawa.com/bridge/loadingBridge.html?cate1=224&cate2=58304&cate3=58306&cate4=0&pcode=6466979&cmpnyc=TQB02&safe_trade=4&fee_type=T&link_pcode=1492279090&package=0&setpc=0,,201809,스마트밴드,기타OS,블루투스,,안드로이드OS,iOS,사각형,TFT,"2.43cm(0.96"")",,,,,,,,,,,,,,,,,,,,,,,,,,,,,,○,○,○,,○,,,,,,,,,,,,,,○,,,○,,,○,,,,,○,80mAh,,,IP67,,밴드분리형,상세설명 / 판매 사이트 문의 인증번호 확인,상세설명 / 판매 사이트 문의 인증번호 확인
V66S,25060,http://prod.danawa.com/bridge/loadingBridge.html?cate1=224&cate2=58304&cate3=58306&cate4=0&pcode=6459703&cmpnyc=TQB02&safe_trade=4&fee_type=T&link_pcode=1490699093&package=0&setpc=0,,201809,스마트밴드,기타OS,블루투스,,안드로이드OS,iOS,사각형,,"2.43cm(0.96"")",,,,,,,,,,,,,,,,,,,,,,,,,,,,,,○,○,○,,○,,,,,,,,,,,,,,,,,,,,,○,,,,,90mAh,,24g,IP67,,,상세설명 / 판매 사이트 문의 인증번호 확인,상세설명 / 판매 사이트 문의 인증번호 확인
화웨이 아너 A3,26650,http://prod.danawa.com/bridge/loadingBridge.html?cate1=224&cate2=58304&cate3=58306&cate4=0&pcode=6459647&cmpnyc=TQB02&safe_trade=4&fee_type=T&link_pcode=1512738141&package=0&setpc=0,화웨이,201809,스마트워치,기타OS,블루투스,,,,사각형,,,,,,,,,,,○,,,,,,,,,,,,,,,,,,,,,○,○,○,○,,○,,○,,,,,,,,,,,,,,,,,,,,,,○,,평균사용:30일,,5ATM,,,상세설명 / 판매 사이트 문의 인증번호 확인,상세설명 / 판매 사이트 문의 인증번호 확인
INSMA S1,29820,http://prod.danawa.com/bridge/loadingBridge.html?cate1=224&cate2=58304&cate3=58306&cate4=0&pcode=6422929&cmpnyc=EE715&safe_trade=4&fee_type=T&link_pcode=B563962728&package=0&setpc=0,INSMA,201808,스마트밴드,기타OS,블루투스,,안드로이드OS,iOS,사각형,OLED,,,,,,저장 : 64KB,,,,○,,,,,,,,,○,,,,,,,,,,,,○,,○,,○,○,,○,,,,,,,,,,,○,,,,,,,,,,,,90mAh,,,IP67,,밴드분리형,상세설명 / 판매 사이트 문의 인증번호 확인,상세설명 / 판매 사이트 문의 인증번호 확인
DM11,57600,http://prod.danawa.com/bridge/loadingBridge.html?cate1=224&cate2=58304&cate3=58306&cate4=0&pcode=8216005&cmpnyc=EE715&safe_trade=4&fee_type=T&link_pcode=B544654411&package=0&setpc=0,,201906,스마트밴드,기타OS,블루투스,v4.0,,,사각형,IPS,,160x80,,,,,,,,○,,○,,,,,,,,○,,,,,,,,,,,○,○,○,○,○,○,,,,,,,,,,,,,,,,,,,,,○,,○,○,120mAh,,,IP68,,,상세설명 / 판매 사이트 문의 인증번호 확인,상세설명 / 판매 사이트 문의 인증번호 확인
코아 CK COLOR,53900,http://prod.danawa.com/bridge/loadingBridge.html?cate1=224&cate2=58304&cate3=58306&cate4=0&pcode=6166426&cmpnyc=EE715&safe_trade=4&fee_type=T&link_pcode=B498318295&package=0&setpc=0,코아,201805,스마트밴드,기타OS,블루투스,,안드로이드OS,iOS,사각형,IPS,"2.43cm(0.96"")",,,,,,,,,○,,,,,,,,,,,,,,,,,,,,,○,,,,○,○,,,,,,,,,,,,,○,,,,,,,,,,○,○,,평균사용:7일,20g,IP67,,밴드분리형,R-CMM-coa-CKCOLOR 인증번호 확인,상세설명 / 판매 사이트 문의 인증번호 확인
핏빗 One,106640,http://prod.danawa.com/bridge/loadingBridge.html?cate1=224&cate2=58304&cate3=58306&cate4=0&pcode=3434614&cmpnyc=ED910&safe_trade=4&fee_type=T&link_pcode=2962127828&package=0&setpc=0,핏빗,201509,스마트웨어러블,,,,안드로이드OS,iOS,,,,,,,,,,,,,○,,,,,,,,,,,,,,,,,,,,○,○,○,○,○,,,,,○,,,,,,,○,,,,,,,,,,○,,,,,평균사용:10~14일,,,,클립형,상세설명 / 판매 사이트 문의 인증번호 확인,상세설명 / 판매 사이트 문의 인증번호 확인
핏빗 alta HR,161650,http://prod.danawa.com/bridge/loadingBridge.html?cate1=224&cate2=58304&cate3=58306&cate4=0&pcode=4965709&cmpnyc=TP90D&safe_trade=4&fee_type=T&link_pcode=2069373479&package=0&setpc=0,핏빗,201703,스마트밴드,기타OS,블루투스,v4.0,v4.3 이상,v6.0 이상,사각형,OLED,,,,,,,,,,,○,,○,,,,,,,○,○,○,○,,,,,,,,○,○,○,○,○,○,,○,,,,○,,,,,○,,○,,,,,,,,○,,,,,평균사용:7일,,,,밴드분리형,MSIP-CMM-XRA-FB408 인증번호 확인,상세설명 / 판매 사이트 문의 인증번호 확인
파슬 미스핏 샤인2,118070,http://prod.danawa.com/bridge/loadingBridge.html?cate1=224&cate2=58304&cate3=58306&cate4=0&pcode=4156546&cmpnyc=EE715&safe_trade=4&fee_type=T&link_pcode=B281861927&package=0&setpc=0,파슬,201401,스마트밴드,기타OS,블루투스,,안드로이드OS,iOS,원형,,,,,,,,,,,,,○,,,,,,,,,,,,,,,,,,,○,○,○,,○,,,○,,,,,,,,,,,,,,,,,,○,○,,,○,,평균사용:6개월이상,9.4g,5ATM,,밴드분리형,상세설명 / 판매 사이트 문의 인증번호 확인,상세설명 / 판매 사이트 문의 인증번호 확인
SM코퍼레이션 L3,32680,http://prod.danawa.com/bridge/loadingBridge.html?cate1=224&cate2=58304&cate3=58306&cate4=0&pcode=6374686&cmpnyc=ED910&safe_trade=4&fee_type=T&link_pcode=5975525308&package=0&setpc=0,SM코퍼레이션,201808,스마트밴드,기타OS,블루투스,,안드로이드OS,iOS,사각형,,,,,,,,,,,○,,,,,,,,,,,,,,,,,,,,,○,,○,,○,○,,,,,,,○,,,,,,○,,,,,,○,,,,○,○,80mAh,,11g,IP65,,밴드분리형,R-C-Sm0-SM-L3 인증번호 확인,상세설명 / 판매 사이트 문의 인증번호 확인
세븐일렉 스마트밴드 HR2,62190,http://prod.danawa.com/bridge/loadingBridge.html?cate1=224&cate2=58304&cate3=58306&cate4=0&pcode=6061115&cmpnyc=EE128&safe_trade=4&fee_type=T&link_pcode=1110597877&package=0&setpc=0,세븐일렉,201804,스마트밴드,기타OS,블루투스,,안드로이드OS,iOS,사각형,OLED,,,,,,,,,,○,,,,,,,,,,,,,,,,,,,,,○,○,○,,○,○,,○,,,,,,,,,○,,○,,,,,,,,,,,○,,평균사용:20일,22g,IP68,,밴드분리형,MSIP-CRI-7EL-LS418-B 인증번호 확인,상세설명 / 판매 사이트 문의 인증번호 확인
SONY 스마트밴드 Talk SWR30,155000,http://prod.danawa.com/bridge/loadingBridge.html?cate1=224&cate2=58304&cate3=58306&cate4=0&pcode=2950311&cmpnyc=EE715&safe_trade=4&fee_type=T&link_pcode=B327487965&package=0&setpc=0,SONY,201412,스마트밴드,기타OS,블루투스,,안드로이드OS,,사각형,,,,,,,,,○,○,,○,,,,,,,,,,,,,,,,,,,,,,,○,○,,,,,,,,,,,,,,○,,,,○,○,,,,,,○,70mAh,평균사용:3일,,IP68,,밴드일체형,상세설명 / 판매 사이트 문의 인증번호 확인,상세설명 / 판매 사이트 문의 인증번호 확인
Razer NABU X,48970,http://prod.danawa.com/bridge/loadingBridge.html?cate1=224&cate2=58304&cate3=58306&cate4=0&pcode=3518735&cmpnyc=TH201&safe_trade=4&fee_type=T&link_pcode=1999268608&package=0&setpc=0,Razer,201506,스마트밴드,기타OS,블루투스,,안드로이드OS,iOS,사각형,,,,,,,,,,,,○,,,,,,,,,,,,,,,,,,,,○,,○,,○,,,○,,,,,,,,,○,,○,,,,,,,,,,,○,,평균사용:5~7일,,IP67,,밴드분리형,MSIP-CRM-RAZ-RZ15-0129 인증번호 확인,상세설명 / 판매 사이트 문의 인증번호 확인
보이런던 Q82,49900,http://prod.danawa.com/bridge/loadingBridge.html?cate1=224&cate2=58304&cate3=58306&cate4=0&pcode=8137804&cmpnyc=TP40F&safe_trade=4&fee_type=T&link_pcode=P246336018&package=0&setpc=0,보이런던,201906,스마트밴드,기타OS,블루투스,v4.0,v4.3 이상,v8.0 이상,사각형,TFT,"2.43cm(0.96"")",,,,,,,,,○,○,,,,,,,,,,,,,,,,,,,,○,○,○,○,○,○,,,,,,,,,,,○,,○,,,○,,,○,,○,,,○,90mAh,평균사용:7일,16g,IP67,,,상세설명 / 판매 사이트 문의 인증번호 확인,상세설명 / 판매 사이트 문의 인증번호 확인
CB608,20200,http://prod.danawa.com/bridge/loadingBridge.html?cate1=224&cate2=58304&cate3=58306&cate4=0&pcode=6990868&cmpnyc=TQB02&safe_trade=4&fee_type=T&link_pcode=1544475827&package=0&setpc=0,,201901,스마트밴드,,블루투스,,,,사각형,TFT,"2.43cm(0.96"")",160x80,,,,,,,,○,,,,,,,,,,,,,,,,,,,,,○,○,○,,○,○,,,,,,,,,,,,,,,,,,,,,○,,○,,100mAh,,19g,IP68,,,상세설명 / 판매 사이트 문의 인증번호 확인,상세설명 / 판매 사이트 문의 인증번호 확인
Meco B15S,35520,http://prod.danawa.com/bridge/loadingBridge.html?cate1=224&cate2=58304&cate3=58306&cate4=0&pcode=6422651&cmpnyc=EE715&safe_trade=4&fee_type=T&link_pcode=B566008483&package=0&setpc=0,,201808,스마트밴드,기타OS,블루투스,,안드로이드OS,iOS,사각형,OLED,"2.18cm(0.86"")",,,,,,,,,○,,,,,,,,,,,,,,,,,,,,,○,,,,○,○,,,,,,,,,,,,,,,,,,,,,,,,○,80mAh,평균사용:7일,21.5g,IP67,,,상세설명 / 판매 사이트 문의 인증번호 확인,상세설명 / 판매 사이트 문의 인증번호 확인
KY101C,16470,http://prod.danawa.com/bridge/loadingBridge.html?cate1=224&cate2=58304&cate3=58306&cate4=0&pcode=6304455&cmpnyc=EE715&safe_trade=4&fee_type=T&link_pcode=B554482474&package=0&setpc=0,,201807,스마트밴드,기타OS,블루투스,,안드로이드OS,iOS,사각형,LCD,"2.43cm(0.96"")",160x80,,,,,,,,○,,,,,,,,,,,,,,,,,,,,,○,,○,,○,○,,,,,,,,,,,,,○,,,,,,,,,,○,,80mAh,,20g,IP67,,,상세설명 / 판매 사이트 문의 인증번호 확인,상세설명 / 판매 사이트 문의 인증번호 확인
조본 UP move,38000,http://prod.danawa.com/bridge/loadingBridge.html?cate1=224&cate2=58304&cate3=58306&cate4=0&pcode=2989100&cmpnyc=TH201&safe_trade=4&fee_type=T&link_pcode=1413496454&package=0&setpc=0,조본,201502,스마트밴드,,블루투스,,안드로이드OS,iOS,원형,LED,,,,,,,,,,,○,○,,,,,,,,,,,,,,,,,,,○,○,○,○,○,,,○,,,,,,,,,,,,,,,,,,,○,,,○,225mAh,평균사용:6개월,,,,밴드분리형,상세설명 / 판매 사이트 문의 인증번호 확인,상세설명 / 판매 사이트 문의 인증번호 확인
샤오미 미 밴드3 NFC,43480,http://prod.danawa.com/bridge/loadingBridge.html?cate1=224&cate2=58304&cate3=58306&cate4=0&pcode=7887649&cmpnyc=TQB02&safe_trade=4&fee_type=T&link_pcode=1520203324&package=0&setpc=0,샤오미,201806,스마트밴드,기타OS,블루투스,v4.2,v4.4 이상,v9.0 이상,사각형,OLED,"1.98cm(0.78"")",128x80,,,,,,,○,,○,,,,,,,,,○,○,○,,,,,,,,,○,○,○,○,○,○,,○,,,,,○,,,,,,○,,,,,,,,,,,○,110mAh,,약20g,5ATM,,밴드분리형,상세설명 / 판매 사이트 문의 인증번호 확인,상세설명 / 판매 사이트 문의 인증번호 확인
브룩 포켓오토캐치,54500,http://prod.danawa.com/bridge/loadingBridge.html?cate1=224&cate2=58304&cate3=58306&cate4=0&pcode=7620082&cmpnyc=TP40F&safe_trade=4&fee_type=T&link_pcode=P192088604&package=0&setpc=0,브룩,201904,스마트밴드,기타OS,블루투스,,안드로이드OS,iOS,사각형,,,,,,,,,,,,,,,,,,,,,,,,,,,,,,,,,,,,,,,,,,,,,,,,○,,,,,,,,,,,,,,,,,,,밴드분리형,R-CRM-ZP0-ZPPA000 인증번호 확인,상세설명 / 판매 사이트 문의 인증번호 확인
화웨이 AF500,133996,http://prod.danawa.com/bridge/loadingBridge.html?cate1=224&cate2=58304&cate3=58306&cate4=0&pcode=4036052&cmpnyc=TO11FC&safe_trade=4&fee_type=T&link_pcode=28173&package=0&setpc=0,화웨이,201605,스마트밴드,,블루투스,,안드로이드OS,iOS,사각형,,,,,,,,,○,,,,,,,,,,,,,,,,,,,,,,,○,,,,○,,,○,,,,,,,,,,,○,,,,,,○,○,○,,,,60mAh,평균사용:7일,24.5g,IPX7,,밴드일체형,상세설명 / 판매 사이트 문의 인증번호 확인,상세설명 / 판매 사이트 문의 인증번호 확인
Diggro T20,26500,http://prod.danawa.com/bridge/loadingBridge.html?cate1=224&cate2=58304&cate3=58306&cate4=0&pcode=6191251&cmpnyc=EE128&safe_trade=4&fee_type=T&link_pcode=1422218615&package=0&setpc=0,Diggro,201806,스마트밴드,기타OS,블루투스,,안드로이드OS,iOS,사각형,,"2.43cm(0.96"")",160x80,Nordic nRF52832,,,,,,,○,,,,,,,,,,,,,,,,,,,,,,○,○,○,○,○,,○,,,,,,,,,,,○,,,,,,,,,,,○,105mAh,평균사용:5일~7일,25g,IP67,,,상세설명 / 판매 사이트 문의 인증번호 확인,상세설명 / 판매 사이트 문의 인증번호 확인
런타스틱 오빗,85220,http://prod.danawa.com/bridge/loadingBridge.html?cate1=224&cate2=58304&cate3=58306&cate4=0&pcode=3952680&cmpnyc=EE128&safe_trade=4&fee_type=T&link_pcode=1452446052&package=0&setpc=0,런타스틱,201604,스마트밴드,기타OS,블루투스,,안드로이드OS,iOS,사각형,,,,,,,,,○,,,,,,,,,,,,,,,,,,,,,,,○,○,○,,○,,,○,,,○,○,,,,,,,,,,,,,,,,,○,○,,평균사용:7일,,10ATM,,밴드분리형,MSIP-CRM-KRi-DP166 인증번호 확인,상세설명 / 판매 사이트 문의 인증번호 확인
조본 UP3,83710,http://prod.danawa.com/bridge/loadingBridge.html?cate1=224&cate2=58304&cate3=58306&cate4=0&pcode=3378743&cmpnyc=EE128&safe_trade=4&fee_type=T&link_pcode=697221851&package=0&setpc=0,조본,201508,스마트밴드,,블루투스,,안드로이드OS,iOS,,,,,,,,,,,,,○,,,,,,,,,,,,,,,,,,,,○,○,○,○,○,○,,○,,,,,,,,,,,,,,,,,,,○,,,○,,평균사용:1~7일,29g,,,밴드일체형,상세설명 / 판매 사이트 문의 인증번호 확인,상세설명 / 판매 사이트 문의 인증번호 확인
Garmin 비보스마트 HR 액티비티 트래커,156390,http://prod.danawa.com/bridge/loadingBridge.html?cate1=224&cate2=58304&cate3=58306&cate4=0&pcode=5351497&cmpnyc=EE128&safe_trade=4&fee_type=T&link_pcode=900109547&package=0&setpc=0,Garmin,201707,스마트밴드,,블루투스,,안드로이드OS,iOS,사각형,,,160x68,,,,,,,,○,,,,,,,,,,,,,,,,,,,,,○,,○,○,,○,,○,,,,,,,,,○,,○,,,○,,,,,,,,○,,평균사용:5일,,5ATM,,밴드일체형,상세설명 / 판매 사이트 문의 인증번호 확인,상세설명 / 판매 사이트 문의 인증번호 확인
Diggro G16,25720,http://prod.danawa.com/bridge/loadingBridge.html?cate1=224&cate2=58304&cate3=58306&cate4=0&pcode=6174308&cmpnyc=TQB02&safe_trade=4&fee_type=T&link_pcode=1417208644&package=0&setpc=0,Diggro,201805,스마트밴드,기타OS,,,안드로이드OS,iOS,사각형,IPS,"2.43cm(0.96"")",160x80,Nordic nRF52832,,,,,,,○,,,,,,,,,,,,,,,,,,,,,○,,○,,○,○,,,,,,,,,,,,,○,,,,,,,,,,○,○,105mAh,평균사용:7일,25g,IP67,,,상세설명 / 판매 사이트 문의 인증번호 확인,상세설명 / 판매 사이트 문의 인증번호 확인
Diggro F07,26610,http://prod.danawa.com/bridge/loadingBridge.html?cate1=224&cate2=58304&cate3=58306&cate4=0&pcode=6191159&cmpnyc=EE128&safe_trade=4&fee_type=T&link_pcode=1472295323&package=0&setpc=0,Diggro,201806,스마트밴드,기타OS,블루투스,,안드로이드OS,iOS,사각형,,"2.43cm(0.96"")",160x80,Nordic nRF52832,,,,,,,○,,,,,,,,,,,,,,,,,,,,,,,○,,○,○,,,,,,,,,,,,,○,,,,,,,,,,,,100mAh,,22g,IP67,,,상세설명 / 판매 사이트 문의 인증번호 확인,상세설명 / 판매 사이트 문의 인증번호 확인
핏빗 Zip,79170,http://prod.danawa.com/bridge/loadingBridge.html?cate1=224&cate2=58304&cate3=58306&cate4=0&pcode=3434465&cmpnyc=ED910&safe_trade=4&fee_type=T&link_pcode=2812176533&package=0&setpc=0,핏빗,201509,스마트웨어러블,기타OS,블루투스,,안드로이드OS,iOS,사각형,LCD,,,,,,,,,,,○,,,,,,,,,,,,,,,,,,,,○,○,○,○,,,,○,,,,,,,,,,,,,,,,,,,○,,,,,평균사용:4-6개월,,,,클립형,상세설명 / 판매 사이트 문의 인증번호 확인,상세설명 / 판매 사이트 문의 인증번호 확인
Y5,21420,http://prod.danawa.com/bridge/loadingBridge.html?cate1=224&cate2=58304&cate3=58306&cate4=0&pcode=6136072&cmpnyc=TQB02&safe_trade=4&fee_type=T&link_pcode=1401040975&package=0&setpc=0,,201805,스마트밴드,기타OS,블루투스,,안드로이드OS,iOS,사각형,TFT,"2.43cm(0.96"")",160x80,Dialog 14585,,,,,,,○,,,,,,,,,,,,,,,,,,,,,○,,○,,○,○,,,,,,,,,,,○,,○,,,,,,○,,,,○,○,90mAh,,55g,IP67,,,상세설명 / 판매 사이트 문의 인증번호 확인,상세설명 / 판매 사이트 문의 인증번호 확인
조본 UP2,93860,http://prod.danawa.com/bridge/loadingBridge.html?cate1=224&cate2=58304&cate3=58306&cate4=0&pcode=3378677&cmpnyc=TH201&safe_trade=4&fee_type=T&link_pcode=1329106871&package=0&setpc=0,조본,201508,스마트밴드,,블루투스,,안드로이드OS,iOS,,,,,,,,,,,,,○,,,,,,,,,,,,,,,,,,,,○,○,○,○,○,,,○,,,,,,,,,,,,,,,,,,,○,,,○,,평균사용:1~7일,25g,,,밴드일체형,상세설명 / 판매 사이트 문의 인증번호 확인,상세설명 / 판매 사이트 문의 인증번호 확인
샤오미 미 밴드,50800,http://prod.danawa.com/bridge/loadingBridge.html?cate1=224&cate2=58304&cate3=58306&cate4=0&pcode=3180350&cmpnyc=TH201&safe_trade=4&fee_type=T&link_pcode=2241396851&package=0&setpc=0,샤오미,201411,스마트밴드,기타OS,블루투스,,안드로이드OS,iOS,사각형,,,,,,,,,,,,,○,,,,,,,,,,,,,,,,,,,○,○,○,,○,,,○,,,,,,,,,○,,○,,,,,,,,,,,○,41mAh,평균사용:30일,5g,IP67,,밴드분리형,MSIP-CRI-EgS-MIBAND 인증번호 확인,상세설명 / 판매 사이트 문의 인증번호 확인
Fentorn Y2,43950,http://prod.danawa.com/bridge/loadingBridge.html?cate1=224&cate2=58304&cate3=58306&cate4=0&pcode=8338695&cmpnyc=EE715&safe_trade=4&fee_type=T&link_pcode=B544656240&package=0&setpc=0,,201906,스마트밴드,기타OS,블루투스,v4.0,v4.0 이상,v7.0 이상,사각형,OLED,"1.07cm(0.42"")",,,,,,,,,○,,,,,,,,,,○,,,,,,,,,,,○,,,,,○,,,,,,,,,,,,,,,,,,,,,○,,,,60mAh,,7g,IP54,,밴드분리형,상세설명 / 판매 사이트 문의 인증번호 확인,상세설명 / 판매 사이트 문의 인증번호 확인
T02,46860,http://prod.danawa.com/bridge/loadingBridge.html?cate1=224&cate2=58304&cate3=58306&cate4=0&pcode=8216368&cmpnyc=EE128&safe_trade=4&fee_type=T&link_pcode=1604044659&package=0&setpc=0,,201906,스마트밴드,기타OS,블루투스,v4.0,안드로이드OS,,사각형,IPS,"2.43cm(0.96"")",160x80,Nordic nRF52832,,램 : 64KB,,,,,,,○,,,,,,,,○,,,,,,,,,,,○,○,○,,○,,,,○,,,,○,,,,○,,,,,,,,,,○,,,,120mAh,,20g,IP68,,,상세설명 / 판매 사이트 문의 인증번호 확인,상세설명 / 판매 사이트 문의 인증번호 확인
B32,30900,http://prod.danawa.com/bridge/loadingBridge.html?cate1=224&cate2=58304&cate3=58306&cate4=0&pcode=6685759&cmpnyc=EE128&safe_trade=4&fee_type=T&link_pcode=1524634946&package=0&setpc=0,,201811,스마트밴드,기타OS,블루투스,,안드로이드OS,iOS,사각형,OLED,"2.43cm(0.96"")",,,,,,,,,,,,,,,,,,○,,,,,,,,,,,,○,○,○,,○,,,,,,,,,,,,,,○,,,,,,○,,,,,,65mAh,평균사용:4일,,IP67,,밴드분리형,상세설명 / 판매 사이트 문의 인증번호 확인,상세설명 / 판매 사이트 문의 인증번호 확인
화웨이 아너 A2,35520,http://prod.danawa.com/bridge/loadingBridge.html?cate1=224&cate2=58304&cate3=58306&cate4=0&pcode=6574875&cmpnyc=EE715&safe_trade=4&fee_type=T&link_pcode=B546400013&package=0&setpc=0,화웨이,201811,스마트워치,기타OS,블루투스,,안드로이드OS,iOS,사각형,OLED,"2.43cm(0.96"")",,,,,,,,,○,,,,,,,,,,,,,,,,,,,,,○,○,○,○,○,○,,,,,,,,,,,,,○,,,,,,,,,,,○,95mAh,평균사용:9일,22gg,IP67,,밴드분리형,상세설명 / 판매 사이트 문의 인증번호 확인,상세설명 / 판매 사이트 문의 인증번호 확인
Garmin 비보스마트3,151790,http://prod.danawa.com/bridge/loadingBridge.html?cate1=224&cate2=58304&cate3=58306&cate4=0&pcode=5336435&cmpnyc=TH201&safe_trade=4&fee_type=T&link_pcode=1820581544&package=0&setpc=0,Garmin,201707,스마트밴드,기타OS,,,안드로이드OS,iOS,사각형,,,,,,,,,,,○,,,,,,,,,,,,,,,,,,,,,○,○,○,○,○,○,,○,,,○,,,,,,○,,○,,,○,,,,,○,,,○,,평균사용:5일,20.4~21.5g,5ATM,,밴드일체형,상세설명 / 판매 사이트 문의 인증번호 확인,상세설명 / 판매 사이트 문의 인증번호 확인
V11,27140,http://prod.danawa.com/bridge/loadingBridge.html?cate1=224&cate2=58304&cate3=58306&cate4=0&pcode=6350860&cmpnyc=EE128&safe_trade=4&fee_type=T&link_pcode=1472256066&package=0&setpc=0,,201807,스마트밴드,기타OS,블루투스,,안드로이드OS,iOS,사각형,OLED,"2.43cm(0.96"")",,,,,,,,,○,,,,,,,,,,,,,,,,,,,,,○,○,○,,○,○,,○,,,,,,,,,,,○,,,,,,○,,,,,○,150mAh,,,IPX7,,,상세설명 / 판매 사이트 문의 인증번호 확인,상세설명 / 판매 사이트 문의 인증번호 확인
Microwear X3,77100,http://prod.danawa.com/bridge/loadingBridge.html?cate1=224&cate2=58304&cate3=58306&cate4=0&pcode=6271424&cmpnyc=EE715&safe_trade=4&fee_type=T&link_pcode=B544654976&package=0&setpc=0,,201807,스마트밴드,기타OS,블루투스,,안드로이드OS,iOS,사각형,TFT,"2.43cm(0.96"")",160x80,Nordic nRF51822,,,,,,,,,,,,,,,,,,,,,,,,,,,,○,○,,○,○,○,,,,,,,,,,,,,○,,,,,,○,○,,,○,○,120mAh,,,IP68,,,상세설명 / 판매 사이트 문의 인증번호 확인,상세설명 / 판매 사이트 문의 인증번호 확인
베리핏 ID107,29750,http://prod.danawa.com/bridge/loadingBridge.html?cate1=224&cate2=58304&cate3=58306&cate4=0&pcode=4886874&cmpnyc=EE128&safe_trade=4&fee_type=T&link_pcode=887428734&package=0&setpc=0,베리핏,201702,스마트밴드,기타OS,블루투스,,안드로이드OS,iOS,사각형,OLED,"1.24cm(0.49"")",,Nordic nRF51822,,,,,,,,○,,○,,,,,,,,,,,,,,,,,,○,○,○,○,○,○,,○,,,,○,,,,,○,,○,,,○,,,○,○,○,,,,70mAh,평균사용:5일,,,,밴드분리형,상세설명 / 판매 사이트 문의 인증번호 확인,상세설명 / 판매 사이트 문의 인증번호 확인
퓨전FNC VPULSE Fit-Coach Go DHR,59150,http://prod.danawa.com/bridge/loadingBridge.html?cate1=224&cate2=58304&cate3=58306&cate4=0&pcode=4695062&cmpnyc=TH201&safe_trade=4&fee_type=T&link_pcode=2243273449&package=0&setpc=0,퓨전FNC,201611,스마트밴드,기타OS,블루투스,,안드로이드OS,iOS,사각형,,,,,,,,,,,,○,,○,,,,,,,,,,,,,,,,,,○,○,○,○,○,○,,○,,,○,○,,,,,○,,○,,,,,,,○,,,○,○,80mAh,평균사용:10일,23g,IP65,,밴드분리형,MSIP-CMI-FNC-FIT-COACH 인증번호 확인,XU100690-16002A 인증번호 확인
조본 UP,176400,http://prod.danawa.com/bridge/loadingBridge.html?cate1=224&cate2=58304&cate3=58306&cate4=0&pcode=2454348&cmpnyc=EE128&safe_trade=4&fee_type=T&link_pcode=507113361&package=0&setpc=0,조본,201402,스마트밴드,,블루투스,,안드로이드OS,iOS,,LED,,,,,,,,,,,,○,,,,,,,,,,,,,,,,,,,○,○,○,○,○,,,○,,,,,,,,,,,,,,,,,,,○,,,○,,평균사용:7일~15일,15~19g,,,밴드일체형,상세설명 / 판매 사이트 문의 인증번호 확인,상세설명 / 판매 사이트 문의 인증번호 확인
M3S,32300,http://prod.danawa.com/bridge/loadingBridge.html?cate1=224&cate2=58304&cate3=58306&cate4=0&pcode=8032774&cmpnyc=EE128&safe_trade=4&fee_type=T&link_pcode=1604059093&package=0&setpc=0,,201905,스마트밴드,기타OS,블루투스,,안드로이드OS,iOS,사각형,IPS,"2.43cm(0.96"")",,,,,,,,,○,,,,,,,,,,,,,,,,,,,,,○,○,○,,○,○,,,,,,,,,,,,,○,,,,,,,,○,,○,○,105mAh,평균사용:5일~7일,,IP68,,,상세설명 / 판매 사이트 문의 인증번호 확인,상세설명 / 판매 사이트 문의 인증번호 확인
핏빗 Charge 2,131890,http://prod.danawa.com/bridge/loadingBridge.html?cate1=224&cate2=58304&cate3=58306&cate4=0&pcode=4432779&cmpnyc=EE715&safe_trade=4&fee_type=T&link_pcode=B638662145&package=0&setpc=0,핏빗,201609,스마트밴드,기타OS,블루투스,,안드로이드OS,iOS,사각형,OLED,,,,,,,,○,,○,○,,,,,,,,,,,,,,,,,,,,○,○,,○,○,○,,○,,,,○,,,,,○,,○,,,,,,,○,○,,,○,,평균사용:5일,,,,밴드일체형,상세설명 / 판매 사이트 문의 인증번호 확인,상세설명 / 판매 사이트 문의 인증번호 확인
핏빗 Flex,128990,http://prod.danawa.com/bridge/loadingBridge.html?cate1=224&cate2=58304&cate3=58306&cate4=0&pcode=2372999&cmpnyc=EE715&safe_trade=4&fee_type=T&link_pcode=B259157856&package=0&setpc=0,핏빗,201312,스마트밴드,기타OS,블루투스,,안드로이드OS,iOS,사각형,LED,,,,,,,,,,,,○,,,,,,,,,,,,,,,,,,,○,○,○,○,○,,,○,,,,,,,,,○,,,,,,,,,,○,,,,,평균사용:1~7일,13.4~14.6g,,,밴드분리형,상세설명 / 판매 사이트 문의 인증번호 확인,상세설명 / 판매 사이트 문의 인증번호 확인
화웨이 토크밴드 B2,249900,http://prod.danawa.com/bridge/loadingBridge.html?cate1=224&cate2=58304&cate3=58306&cate4=0&pcode=3394221&cmpnyc=TH201&safe_trade=4&fee_type=T&link_pcode=1507073985&package=0&setpc=0,화웨이,201508,스마트워치,,블루투스,,안드로이드OS,iOS,사각형,OLED,"2.5cm(1.0"")",,,,,,,,,,,○,○,,,,,,,,,,,,,,,,,,○,○,○,○,○,,,,,,,,,,,,○,,○,,,○,○,○,,○,○,,,,95mAh,평균사용:6일,12.5g,,,밴드분리형,상세설명 / 판매 사이트 문의 인증번호 확인,상세설명 / 판매 사이트 문의 인증번호 확인
핏빗 Flex 2 Bangle,140130,http://prod.danawa.com/bridge/loadingBridge.html?cate1=224&cate2=58304&cate3=58306&cate4=0&pcode=4894596&cmpnyc=EE715&safe_trade=4&fee_type=T&link_pcode=B386657355&package=0&setpc=0,핏빗,201702,스마트스트랩,,블루투스,,안드로이드OS,iOS,사각형,,,,,,,,,,,,,,,,,,,,,,,,,,,,,,,,,,,○,,,,,,,,,,,,,,,,,,,,,,○,,,,,,,,,,밴드일체형,상세설명 / 판매 사이트 문의 인증번호 확인,상세설명 / 판매 사이트 문의 인증번호 확인
SONY FES Watch,361860,http://prod.danawa.com/bridge/loadingBridge.html?cate1=224&cate2=58304&cate3=58306&cate4=0&pcode=5227018&cmpnyc=EE715&safe_trade=4&fee_type=T&link_pcode=B386950341&package=0&setpc=0,SONY,201706,스마트밴드,,,,,,원형,,,,,,,,,,,,,,,,,,,,,,,,,,,,,,,,,,,,,,,,,,,,,,,,,,,,,,,,,,○,,,,,평균사용:약 2년,,,,밴드일체형,상세설명 / 판매 사이트 문의 인증번호 확인,상세설명 / 판매 사이트 문의 인증번호 확인
핏빗 Charge,167700,http://prod.danawa.com/bridge/loadingBridge.html?cate1=224&cate2=58304&cate3=58306&cate4=0&pcode=2924574&cmpnyc=EE715&safe_trade=4&fee_type=T&link_pcode=B228054383&package=0&setpc=0,핏빗,201412,스마트밴드,기타OS,블루투스,,안드로이드OS,iOS,사각형,OLED,,,,,,,,○,,,,,,,,,,,,,,,,,,,,,,,,○,○,○,,,,○,,,,○,,,,,,,,,,,,,,,○,,,,,평균사용:7일,~30g,,,밴드일체형,상세설명 / 판매 사이트 문의 인증번호 확인,상세설명 / 판매 사이트 문의 인증번호 확인
조본 UP4,131860,http://prod.danawa.com/bridge/loadingBridge.html?cate1=224&cate2=58304&cate3=58306&cate4=0&pcode=4728681&cmpnyc=TH201&safe_trade=4&fee_type=T&link_pcode=1907838688&package=0&setpc=0,조본,201612,스마트밴드,기타OS,,,안드로이드OS,iOS,,,,,,,,,,,,,○,,,,,,,,,,,,,,,,,,,,○,○,○,○,○,○,,○,,,,,,,,,,,○,,,,,,,,○,,,○,,평균사용:1~7일,,,,밴드일체형,상세설명 / 판매 사이트 문의 인증번호 확인,상세설명 / 판매 사이트 문의 인증번호 확인
인바디 인바디밴드,161090,http://prod.danawa.com/bridge/loadingBridge.html?cate1=224&cate2=58304&cate3=58306&cate4=0&pcode=3167911&cmpnyc=EE128&safe_trade=4&fee_type=T&link_pcode=946373152&package=0&setpc=0,인바디,201505,스마트밴드,기타OS,블루투스,,안드로이드OS,iOS,사각형,,,,,,,,,,,○,,,,,,,,,,,,,,,,,,,,,○,○,○,○,○,○,,○,,,,,,○,,,,,○,,,,,,,,,,,,55mAh,,25g,,,밴드일체형,MSIP-CMM-BIB-Band 인증번호 확인,상세설명 / 판매 사이트 문의 인증번호 확인
핏빗 alta,170880,http://prod.danawa.com/bridge/loadingBridge.html?cate1=224&cate2=58304&cate3=58306&cate4=0&pcode=3756609&cmpnyc=TH201&safe_trade=4&fee_type=T&link_pcode=1609354783&package=0&setpc=0,핏빗,201602,스마트밴드,기타OS,블루투스,,안드로이드OS,iOS,사각형,OLED,,,,,,,,,,,○,,○,,,,,,,,,,,,,,,,,,○,○,○,○,○,,,○,,,,○,,,,,○,,○,,,,,,,,○,,,,,평균사용:5일,,,,밴드분리형,상세설명 / 판매 사이트 문의 인증번호 확인,상세설명 / 판매 사이트 문의 인증번호 확인
옴니씨앤에스 옴니핏 링,237600,http://prod.danawa.com/bridge/loadingBridge.html?cate1=224&cate2=58304&cate3=58306&cate4=0&pcode=4871196&cmpnyc=TH201&safe_trade=4&fee_type=T&link_pcode=1640056372&package=0&setpc=0,옴니씨앤에스,201702,스마트반지,기타OS,블루투스,,안드로이드OS,iOS,,,,,,,,,,,○,○,,,,,,,,,,,,,,,,,,,,,,,,,○,○,,,,,,,,,,,,,,,,,,,,,,,,,30mAh,,13g,,,,상세설명 / 판매 사이트 문의 인증번호 확인,상세설명 / 판매 사이트 문의 인증번호 확인
Garmin 비보핏4 피트니스 밴드,149600,http://prod.danawa.com/bridge/loadingBridge.html?cate1=224&cate2=58304&cate3=58306&cate4=0&pcode=6194463&cmpnyc=TH201&safe_trade=4&fee_type=T&link_pcode=2237422978&package=0&setpc=0,Garmin,201806,스마트밴드,기타OS,블루투스,,안드로이드OS,iOS,사각형,,"1.09cm(0.43"")",88x88,,,,,,,,,,○,,,,,,,,,,,,,,,,,,,○,○,○,○,○,,,○,,,,,○,,,,,,,,,,,,,,,,,○,,,25~25.5g,5ATM,,밴드분리형,상세설명 / 판매 사이트 문의 인증번호 확인,상세설명 / 판매 사이트 문의 인증번호 확인
Garmin 비보핏 주니어,117800,http://prod.danawa.com/bridge/loadingBridge.html?cate1=224&cate2=58304&cate3=58306&cate4=0&pcode=5207139&cmpnyc=TH201&safe_trade=4&fee_type=T&link_pcode=1766481486&package=0&setpc=0,Garmin,201706,스마트밴드,,,,안드로이드OS,iOS,사각형,,,64x64,,,,,,,,,,○,,,,,,,,,,,,,,,,,,,○,,,,○,,,○,,,,,,,,,,,,,,,,,,,,,,○,,,17.5g,5ATM,,밴드일체형,상세설명 / 판매 사이트 문의 인증번호 확인,상세설명 / 판매 사이트 문의 인증번호 확인
레노버 HW01,일시 품절,,레노버,201707,스마트밴드,기타OS,블루투스,,안드로이드OS,iOS,사각형,OLED,"2.32cm(0.91"")",128x32,,,,,,,,○,,,,,,,,,,,,,,,,,,,,,○,,,,○,○,,○,,,,,,,,,○,,○,,,○,,,,○,○,,,,85mAh,평균사용:7일,,IP65,,밴드분리형,상세설명 / 판매 사이트 문의 인증번호 확인,상세설명 / 판매 사이트 문의 인증번호 확인
Microsoft BAND,277970,http://prod.danawa.com/bridge/loadingBridge.html?cate1=224&cate2=58304&cate3=58306&cate4=0&pcode=3625858&cmpnyc=EE715&safe_trade=4&fee_type=T&link_pcode=B259157334&package=0&setpc=0,Microsoft,201512,스마트밴드,기타OS,블루투스,,안드로이드OS,iOS,사각형,TFT,,,,,,저장 : 64MB,,○,,,○,,○,,○,,,,,,,,,,,,,,,,○,○,○,○,○,○,,○,○,○,○,○,○,,,,○,,○,,,,,○,,,○,,,,,평균사용:2일,60g,,,밴드일체형,상세설명 / 판매 사이트 문의 인증번호 확인,상세설명 / 판매 사이트 문의 인증번호 확인
화웨이 B29,125460,http://prod.danawa.com/bridge/loadingBridge.html?cate1=224&cate2=58304&cate3=58306&cate4=0&pcode=6258852&cmpnyc=EE715&safe_trade=4&fee_type=T&link_pcode=B547440728&package=0&setpc=0,화웨이,201806,스마트밴드,기타OS,블루투스,,안드로이드OS,iOS,사각형,LED,"2.32cm(0.91"")",128x32,,,,,,,,○,○,,,,,,,,,,,,,,,,,,,,,,,○,○,○,,,,,,,,,,,,,○,,,,,,,,,,○,○,100mAh,평균사용:21일,21g,5ATM,,,상세설명 / 판매 사이트 문의 인증번호 확인,상세설명 / 판매 사이트 문의 인증번호 확인
SONY 스마트밴드2 SWR12,145000,http://prod.danawa.com/bridge/loadingBridge.html?cate1=224&cate2=58304&cate3=58306&cate4=0&pcode=3953157&cmpnyc=EE715&safe_trade=4&fee_type=T&link_pcode=B327490602&package=0&setpc=0,SONY,201510,스마트밴드,기타OS,블루투스,,안드로이드OS,iOS,사각형,,,,,,,,,,○,○,,,,,,,,,,,,,,,,,,,,,○,○,○,○,○,○,,○,,○,○,○,,,,,○,,○,,,○,,,,○,,,,,58mAh,,25g,IP68,,밴드분리형,상세설명 / 판매 사이트 문의 인증번호 확인,상세설명 / 판매 사이트 문의 인증번호 확인
미오 퓨즈,187460,http://prod.danawa.com/bridge/loadingBridge.html?cate1=224&cate2=58304&cate3=58306&cate4=0&pcode=3715600&cmpnyc=ED910&safe_trade=4&fee_type=T&link_pcode=3908331533&package=0&setpc=0,미오,201601,스마트밴드,기타OS,블루투스,,안드로이드OS,iOS,사각형,LED,,,,,,,,,,,○,,,,,,,,,,,,,,,,,,,,○,○,,○,○,○,,○,,,○,○,,,,,○,,○,,,,,,,○,,,,○,,평균사용:6~7일,,3ATM,,밴드일체형,상세설명 / 판매 사이트 문의 인증번호 확인,상세설명 / 판매 사이트 문의 인증번호 확인
Microsoft BAND 2,449100,http://prod.danawa.com/bridge/loadingBridge.html?cate1=224&cate2=58304&cate3=58306&cate4=0&pcode=3625724&cmpnyc=EE128&safe_trade=4&fee_type=T&link_pcode=952621128&package=0&setpc=0,Microsoft,201512,스마트밴드,,,,안드로이드OS,iOS,,,,,,,,,,○,,,○,,○,○,○,,,,,,,,,,,,,,,,○,○,○,○,○,○,,○,○,○,○,○,○,,,,○,,○,,,,,○,,,○,,,,,평균사용:2일,,,,밴드일체형,상세설명 / 판매 사이트 문의 인증번호 확인,상세설명 / 판매 사이트 문의 인증번호 확인
화웨이 토크밴드 B1,178760,http://prod.danawa.com/bridge/loadingBridge.html?cate1=224&cate2=58304&cate3=58306&cate4=0&pcode=2988949&cmpnyc=ED910&safe_trade=4&fee_type=T&link_pcode=3387076505&package=0&setpc=0,화웨이,201502,스마트워치,,블루투스,,안드로이드OS,iOS,사각형,OLED,"3.6cm(1.4"")",,,,,,,,○,,,○,○,,,,,,,,,,,,,,,,,,○,○,○,○,,,,,,,,,,,,,○,,○,,,○,,○,,,○,,,,,평균사용:7일,9.4g,,전용시계줄,밴드분리형,상세설명 / 판매 사이트 문의 인증번호 확인,상세설명 / 판매 사이트 문의 인증번호 확인
LG전자 라이프 밴드 터치,169000,http://prod.danawa.com/bridge/loadingBridge.html?cate1=224&cate2=58304&cate3=58306&cate4=0&pcode=2409557&cmpnyc=EE715&safe_trade=4&fee_type=T&link_pcode=A943286017&package=0&setpc=0,LG전자,201401,스마트밴드,기타OS,블루투스,,안드로이드OS,iOS,사각형,OLED,"2.32cm(0.91"")",128x32,,,,,,,,,,○,,,,,,,,,,,,,,,,,,,○,○,○,,,,,○,,,,,,,,,,,○,,,○,,,,,○,,,,,,,,,밴드일체형,상세설명 / 판매 사이트 문의 인증번호 확인,상세설명 / 판매 사이트 문의 인증번호 확인
직토 워크,129000,http://prod.danawa.com/bridge/loadingBridge.html?cate1=224&cate2=58304&cate3=58306&cate4=0&pcode=3463305&cmpnyc=ED908&safe_trade=4&fee_type=T&link_pcode=23473396&package=0&setpc=0,직토,201510,스마트밴드,기타OS,블루투스,,안드로이드OS,iOS,사각형,LED,,,,,,,,,,,,○,,,,,,,○,,,,,,,,,,,,○,○,○,○,○,,,○,,,,,,,,,○,,○,,,,,,,,○,,,○,50mAh,평균사용:3~5일,,,,밴드분리형,상세설명 / 판매 사이트 문의 인증번호 확인,상세설명 / 판매 사이트 문의 인증번호 확인
조본 UP24,161680,http://prod.danawa.com/bridge/loadingBridge.html?cate1=224&cate2=58304&cate3=58306&cate4=0&pcode=2650333&cmpnyc=ED910&safe_trade=4&fee_type=T&link_pcode=2962118569&package=0&setpc=0,조본,201405,스마트밴드,기타OS,블루투스,,안드로이드OS,iOS,,,,,,,,,,,,,○,○,,,,,,,,,,,,,,,,,,,○,○,○,○,○,,,○,,,,,,,,,,,,,,,,,,,○,,,,32mAh,평균사용:약 7일,19~23g,,,밴드일체형,상세설명 / 판매 사이트 문의 인증번호 확인,상세설명 / 판매 사이트 문의 인증번호 확인
